"id","ym","pc","ave"
"JKSE",200001,NA,NA
"JKSE",200002,NA,NA
"JKSE",200003,NA,NA
"JKSE",200004,NA,NA
"JKSE",200005,NA,NA
"JKSE",200006,-0.555378619843049,-0.0612319167491993
"JKSE",200007,-1.43690519760167,-0.116267541956577
"JKSE",200008,-2.33175549503141,-0.183761991349732
"JKSE",200009,-2.25414602055185,-0.223785463051094
"JKSE",200010,-2.23061548823472,-0.238782372922079
"JKSE",200011,-2.195056149389,-0.16149987047596
"JKSE",200012,-2.3114007510092,-0.226718577955568
"JKSE",200101,-2.00235054531167,-0.178863441489385
"JKSE",200102,-2.16366345020142,-0.171303433524748
"JKSE",200103,-1.35102145675385,-0.0916853026175878
"JKSE",200104,-1.63952750000876,-0.130628109582853
"JKSE",200105,-1.87144264315908,-0.254925807857763
"JKSE",200106,-1.61417686098007,-0.151267158844702
"JKSE",200107,-0.40527076077319,-0.0670084838700608
"JKSE",200108,0.225890731154329,0.209110669339116
"JKSE",200109,0.315865755228838,0.234745945696342
"JKSE",200110,0.393015017808054,0.24968802308072
"JKSE",200111,0.328950612350117,0.226017280359117
"JKSE",200112,0.467721141821186,0.260335586338452
"JKSE",200201,0.552668906671912,0.285673192318572
"JKSE",200202,0.552563291765166,0.280293939964312
"JKSE",200203,0.575909493507333,0.311750856612654
"JKSE",200204,0.44428516031189,0.289614205638153
"JKSE",200205,1.04511712368269,0.362385739573764
"JKSE",200206,1.12319226742508,0.375399988279036
"JKSE",200207,0.549503301638245,0.189057880586129
"JKSE",200208,0.494745099378796,0.244419477070872
"JKSE",200209,0.682081352469515,0.375795448290084
"JKSE",200210,0.19800160053573,0.209831429033852
"JKSE",200211,0.0411456968813207,0.0718852224585225
"JKSE",200212,0.426863400715932,0.143599003979791
"JKSE",200301,0.521329485945999,0.172179810222237
"JKSE",200302,0.529463200583476,0.175132602232443
"JKSE",200303,0.132871403336907,0.109900059498617
"JKSE",200304,0.619981708053228,0.121643226682486
"JKSE",200305,0.461682465249847,0.0218482685754466
"JKSE",200306,-0.250716787893915,-0.144766195651141
"JKSE",200307,-1.11350592242143,-0.276426582864774
"JKSE",200308,-0.768140822129721,-0.19972630049014
"JKSE",200309,-0.744529367608215,-0.12929525925031
"JKSE",200310,-0.584586305054959,-0.00976542153767265
"JKSE",200311,-0.33309911662144,0.111585725259012
"JKSE",200312,-0.0220130231138633,0.163439587499994
"JKSE",200401,-0.187221887747178,0.119414848186942
"JKSE",200402,0.107293115769217,0.149773303869521
"JKSE",200403,0.0538407576574027,0.159857118008143
"JKSE",200404,-0.00692822478658453,0.101401148275151
"JKSE",200405,-0.559638016435632,-0.169893963373014
"JKSE",200406,-0.0934708189152464,0.00241051241389326
"JKSE",200407,-0.149433236671889,-0.143066885613598
"JKSE",200408,-0.274666787937699,-0.151950993814055
"JKSE",200409,-0.922151217950224,-0.256165352776399
"JKSE",200410,-0.89963461422091,-0.237736895450101
"JKSE",200411,-1.15752932682201,-0.264566457865504
"JKSE",200412,-1.3363463271845,-0.33307396421905
"JKSE",200501,-1.29575880228511,-0.219349074434103
"JKSE",200502,-1.22567338744586,-0.3427324443188
"JKSE",200503,-1.37222062596821,-0.339383362224346
"JKSE",200504,-1.69328001320943,-0.396052924826598
"JKSE",200505,-1.73096177036656,-0.305854098076387
"JKSE",200506,-1.33022093432667,-0.345907431764
"JKSE",200507,-1.90229108668718,-0.581519567615896
"JKSE",200508,-0.365078970831921,-0.23961423273149
"JKSE",200509,0.435517794739789,-0.0577725311848293
"JKSE",200510,0.465629480944432,-0.108171008760789
"JKSE",200511,0.410705799803191,-0.127251059413138
"JKSE",200512,0.559964701653862,-0.0463707654094794
"JKSE",200601,-0.107181304304066,-0.0560750410451369
"JKSE",200602,-0.0767826642595345,-0.0403119065267382
"JKSE",200603,0.0039348046382756,-0.0412941550109718
"JKSE",200604,0.106204907260915,-0.0498385762439309
"JKSE",200605,0.301812159393828,0.0629286489634455
"JKSE",200606,0.45000432388688,0.0384670569474999
"JKSE",200607,0.105704149260394,-0.125172809636327
"JKSE",200608,-0.161074957055453,-0.205856608235792
"JKSE",200609,-0.041544611273192,-0.155905271846412
"JKSE",200610,0.256672480322529,-0.103779542410226
"JKSE",200611,0.50962868411754,-0.0700415401410105
"JKSE",200612,0.606488920503902,0.024552872832539
"JKSE",200701,0.829652628917082,0.0319654085243971
"JKSE",200702,1.03370316302748,0.0878206359315481
"JKSE",200703,1.05150091346765,0.100708503010741
"JKSE",200704,1.25257903071412,0.1131528670015
"JKSE",200705,-0.0720858314706145,0.144299695291833
"JKSE",200706,0.131479998554361,-0.00808220575974575
"JKSE",200707,0.028660018054886,-0.0559075907687701
"JKSE",200708,0.284073952709154,0.0251694140334578
"JKSE",200709,-0.0489051487988271,-0.0772832099920373
"JKSE",200710,-0.314668904621046,-0.113076468553783
"JKSE",200711,-0.586691597746469,-0.137703691297324
"JKSE",200712,-0.750001917226083,-0.120150305862857
"JKSE",200801,-0.777864599561765,-0.15047976712405
"JKSE",200802,-0.851119890936947,-0.158107897234353
"JKSE",200803,-0.706024794213652,-0.185064315463885
"JKSE",200804,-0.713786681361567,-0.202903826957481
"JKSE",200805,-0.85734344673663,-0.362557875124016
"JKSE",200806,-0.871068462113115,-0.488660784476175
"JKSE",200807,-1.15183540184679,-0.557889857714414
"JKSE",200808,-0.489502075821672,-0.354341240526767
"JKSE",200809,-1.29031332468853,-0.463345093203706
"JKSE",200810,1.80777187389535,0.316118833481439
"JKSE",200811,2.89497557606209,0.709712843744169
"JKSE",200812,2.3460831915554,0.348933069098765
"JKSE",200901,1.76511313278992,0.262277489010815
"JKSE",200902,1.3108903155538,0.157996849870517
"JKSE",200903,1.44305776616258,0.182124730058785
"JKSE",200904,1.28217065387024,0.157606255782014
"JKSE",200905,1.53535850737012,0.137497004186436
"JKSE",200906,1.49471893224449,0.0783141674142516
"JKSE",200907,1.41612925454753,0.0446562552997262
"JKSE",200908,1.38466254468742,0.0352623412972348
"JKSE",200909,1.27522190375315,0.0315200994271496
"JKSE",200910,0.834825280042899,-0.011666565041837
"JKSE",200911,-0.68898165494973,-0.411811805130424
"JKSE",200912,-0.63256778162566,-0.419783575585141
"JKSE",201001,-0.899905637712428,-0.54551245196223
"JKSE",201002,-0.798563470194097,-0.382399495470309
"JKSE",201003,-0.966959840542631,-0.532352764566526
"JKSE",201004,-1.10232597127377,-0.683034410916729
"JKSE",201005,-1.61877114890027,-0.655809634499929
"JKSE",201006,-1.61166574597752,-0.71968686590195
"JKSE",201007,-1.70655066542614,-0.615623711420642
"JKSE",201008,-1.49341669411798,-0.580891413797153
"JKSE",201009,-0.992292241738413,-0.259016797378371
"JKSE",201010,-0.5410277870825,-0.0549475428220248
"JKSE",201011,-0.812519145757314,-0.173446771748097
"JKSE",201012,-0.522167087882584,-0.0843165469676221
"JKSE",201101,0.135554804797777,-0.140368939402582
"JKSE",201102,-0.29102313665286,-0.201554414568997
"JKSE",201103,0.140519478747962,-0.19751640162283
"JKSE",201104,0.203052764178277,-0.0962244412942704
"JKSE",201105,-0.389522236295079,-0.206684585516578
"JKSE",201106,-0.159752217378237,-0.205286699822345
"JKSE",201107,-0.520710005902357,-0.305529413766399
"JKSE",201108,-0.719334380259199,-0.324449421103148
"JKSE",201109,2.61959744141299,0.496608086220386
"JKSE",201110,2.45801570265698,0.49169946467527
"JKSE",201111,2.08378427429314,0.432001500242245
"JKSE",201112,2.22941493655061,0.341932195767093
"JKSE",201201,1.72594220727854,0.309164147533948
"JKSE",201202,1.40913007512346,0.271166851132223
"JKSE",201203,1.35310113429213,0.235324255578157
"JKSE",201204,1.49877370686825,0.283079526429967
"JKSE",201205,1.46155631666369,0.275857816968989
"JKSE",201206,1.44344819954817,0.285235006435895
"JKSE",201207,1.38952552942743,0.214895294616266
"JKSE",201208,1.37991623879487,0.259639037818273
"JKSE",201209,0.330874286808704,0.120262723668686
"JKSE",201210,0.714790127263791,0.270617167971347
"JKSE",201211,0.587928008121025,0.3870745943749
"JKSE",201212,0.78004133246446,0.334928151255592
"JKSE",201301,1.03210933455294,0.257991578488241
"JKSE",201302,0.598939248595063,0.286075706102793
"JKSE",201303,0.946670704800534,0.315517653420412
"JKSE",201304,1.21240787992444,0.349613514451911
"JKSE",201305,1.42353214321051,0.353755418881268
"JKSE",201306,1.41510636991035,0.264709985472403
"JKSE",201307,0.932965412899517,-0.0758395645253822
"JKSE",201308,4.28733907825413,0.913337336286325
"JKSE",201309,3.5821046866294,1.02913534591228
"JKSE",201310,2.86838249762028,0.816426870550102
"JKSE",201311,2.34235604903625,0.667224840464059
"JKSE",201312,1.59841831286788,0.522354404441474
"JKSE",201401,1.33860695807796,0.507719726801328
"JKSE",201402,1.72792403080213,0.624702715703968
"JKSE",201403,1.76302762283029,0.600731744986479
"JKSE",201404,1.48334938351529,0.506261681035534
"JKSE",201405,1.17913678864762,0.41240880372362
"JKSE",201406,0.903897774590822,0.302357433105261
"JKSE",201407,0.926982102552683,0.143179223290208
"JKSE",201408,-0.118724473615266,-0.112086390510467
"JKSE",201409,-0.272129534397515,-0.118576909683837
"JKSE",201410,-0.611144703676599,-0.113774228050783
"JKSE",201411,-1.33325805829743,-0.257316314565452
"JKSE",201412,-0.621750441300385,-0.145849148187082
"JKSE",201501,-0.522282810479443,-0.195966829631284
"JKSE",201502,-1.04773354168897,-0.389175151077649
"JKSE",201503,-0.99066434738797,-0.391501948408646
"JKSE",201504,-1.24992024056273,-0.487426710234027
"JKSE",201505,-1.34067735079401,-0.50268645349135
"JKSE",201506,-0.772312239450255,-0.428963499699913
"JKSE",201507,-0.672576165142016,-0.369005816355004
"JKSE",201508,-0.784178382177149,-0.437048094545338
"JKSE",201509,-0.797744151962071,-0.512592817016493
"JKSE",201510,0.715998522605322,0.0963677578155782
"JKSE",201511,0.477427537899552,-0.0098814179855678
"JKSE",201512,1.08866580739468,0.173210917810285
"JKSE",201601,1.19456714030932,0.154075421795757
"JKSE",201602,1.14020183596714,0.150983164113349
"JKSE",201603,1.15697429026371,0.124553565145467
"JKSE",201604,1.39124616767423,0.162011052825923
"JKSE",201605,1.4191952145244,0.202064778788942
"JKSE",201606,1.21302138450193,0.0878785304657552
"JKSE",201607,1.04523449729834,0.0166635762146546
"JKSE",201608,1.05334414777768,0.0492773486148113
"JKSE",201609,0.639661495246892,0.00560335291853051
"JKSE",201610,-1.21251321645363,-0.33584249125766
"JKSE",201611,-0.753454648462045,-0.280543150309684
"JKSE",201612,-1.01926215431719,-0.277599082739111
"JKSE",201701,-0.591806279479886,-0.227873508758516
"JKSE",201702,-0.300745610465416,-0.208758148246579
"JKSE",201703,0.485879580989852,-0.205345229886433
"JKSE",201704,0.628080712812361,-0.139867693401907
"JKSE",201705,0.0341944904081155,-0.184844134297714
"JKSE",201706,0.213675862309943,-0.202513513222589
"JKSE",201707,0.587507870199579,-0.134684856746694
"JKSE",201708,0.64170676672927,-0.099908307732878
"JKSE",201709,0.771864608886896,-0.0825753764215965
"JKSE",201710,1.34059038809931,0.0717424019708625
"JKSE",201711,0.448443829672052,-0.192051694949452
"JKSE",201712,0.12857932417123,-0.20756843665212
"JKSE",201801,0.321660801020769,-0.117832939117081
"JKSE",201802,0.520417978204395,-0.0166179829684072
"JKSE",201803,0.606575175370332,0.00403000642726426
"JKSE",201804,0.375997919004186,-0.0299241627024733
"JKSE",201805,-0.0681422229499446,0.0302846230414535
"JKSE",201806,-0.0110824460940604,-0.0664400189489923
"JKSE",201807,0.228620932705832,-0.127168888482582
"JKSE",201808,-0.254747791346301,-0.336181455429722
"JKSE",201809,-0.16662501683004,-0.282627037983055
"JKSE",201810,0.25924352936458,-0.107702777206386
"JKSE",201811,0.849649034719652,0.252646365139865
"JKSE",201812,0.238155261972609,0.098068459354377
"JKSE",201901,0.00809558473051258,0.114732482518656
"JKSE",201902,0.111329729731427,0.138377818772194
"JKSE",201903,-0.247110953499073,0.0674772833682341
"JKSE",201904,-0.339985695608128,0.0214721497271557
"JKSE",201905,-0.13451168413168,0.0283147399295855
"JKSE",201906,0.500241902265581,0.118690220184884
"JKSE",201907,0.529784852573911,0.112414704612288
"JKSE",201908,0.463788676318682,0.050659251085461
"JKSE",201909,0.442483999622397,-0.00325984681645362
"JKSE",201910,0.389528844510405,-0.0216867166928125
"JKSE",201911,0.0142031123455954,-0.280002815788935
"JKSE",201912,-0.234562010468739,-0.364320561394697
"JKSE",202001,-0.380225297740006,-0.374976640333826
"JKSE",202002,0.169012093511659,-0.118192887861484
"JKSE",202003,4.20162195166168,1.1982184097924
"JKSE",202004,3.657471752153,1.0870005760131
"JKSE",202005,3.75316529035144,1.0384743976628
"JKSE",202006,3.47792528807854,1.05511220471106
"JKSE",202007,3.29056243792972,0.978671606161658
"JKSE",202008,3.25333183431924,0.963775937240489
"JKSE",202009,3.13678822066694,0.908039730082912
"JKSE",202010,3.11619400425339,0.891368661661699
"JKSE",202011,3.17266567937798,0.780706792777673
"JKSE",202012,3.07307062709519,0.734063676050507
"JKSE",202101,2.52369639598048,0.567220906607175
"JKSE",202102,2.63716157035468,0.554342571951755
"JKSE",202103,0.766999563185146,0.209615059919748
"JKSE",202104,1.36375197249063,0.157854837757053
"JKSE",202105,0.900655562191363,-0.0254549915033245
"JKSE",202106,-0.0287386477167599,-0.272633375437441
"JKSE",202107,-0.287055201904617,-0.373631465259518
"JKSE",202108,-0.135316539234675,-0.368679420969026
"JKSE",202109,-0.231402812985599,-0.262260565837049
"JKSE",202110,-0.0664466911409257,-0.268003012234365
"JKSE",202111,-0.525038864335842,-0.374988881777137
"JKSE",202112,-0.730285332074775,-0.454063768486107
"JKSE",202201,-0.591739357575557,-0.596204409041652
"JKSE",202202,-0.484592543905894,-0.652679825595898
"JKSE",202203,-0.810278175282656,-0.724058026386367
"JKSE",202204,-0.985321446770582,-0.636797481544879
"JKSE",202205,-0.980238335759023,-0.731938812521889
"JKSE",202206,-0.179557014685572,-0.491662931141531
"JKSE",202207,-0.20040251732058,-0.401148773507551
"JKSE",202208,-0.929435228698402,-0.46894951090858
"JKSE",202209,-1.29793436780049,-0.593046957420822
"JKSE",202210,-0.947638520600786,-0.567291098664543
"JKSE",202211,-0.740930838281144,-0.559753072466996
"JKSE",202212,-0.829436708515029,-0.533637339525528
"JKSE",202301,-0.0700092470006369,-0.184957931568266
"JKSE",202302,-0.172727383063459,-0.239707917476265
"JKSE",202303,-0.0977952099415901,-0.307482530609477
"JKSE",202304,0.104269413747223,-0.239362801566821
"JKSE",202305,0.31185738318791,-0.211782232662865
"JKSE",202306,0.267758790170895,-0.24419585664146
"JKSE",202307,0.148524218986124,-0.289083624201208
"JKSE",202308,0.299758668003207,-0.203762669391484
"JKSE",202309,0.567989860363014,-0.174292564160777
"JKSE",202310,0.629375196139018,-0.164099235608971
"JKSE",202311,0.356544681994824,-0.0284864114595159
"JKSE",202312,0.350244105120508,-0.0913691270012542
"JKSE",202401,-0.0363121117404026,-0.284307158698217
"JKSE",202402,-0.174816053025279,-0.33481699714757
"JKSE",202403,-0.222922835298297,-0.326517307016584
"JKSE",202404,-0.758890391031075,-0.441706616901737
"JKSE",202405,-0.75373667123186,-0.491200219763663
"JKSE",202406,-0.527609129031473,-0.394475455527957
"JKSE",202407,-0.543113900933545,-0.467304933583702
"JKSE",202408,0.208618806750282,-0.145741733153646
"JKSE",202409,0.27010198153697,-0.123985949151245
"JKSE",202410,0.345187969056601,-0.103885653281105
"JKSE",202411,0.835630483324627,-0.0489230645502574
"JKSE",202412,0.923191264361198,-0.0899033757339839
"JKSE",202501,0.821915677974492,-0.177148982206041
"JKSE",202502,0.645543921261152,-0.130674203565311
"JKSE",202503,0.5672501116397,-0.180903058328766
"JKSE",202504,0.335211945730573,-0.226813154807579
"JKSE",202505,0.273363989509421,-0.213351615814081
"JKSE",202506,-0.138135012366525,-0.26494013807617
"JKSE",202507,-0.338236439923665,-0.315032650533218
"JKSE",202508,-0.168319584287826,-0.466382369262696
"JKSE",202509,-0.295775399656419,-0.464148823277363
"KLCI",200001,NA,NA
"KLCI",200002,NA,NA
"KLCI",200003,NA,NA
"KLCI",200004,NA,NA
"KLCI",200005,NA,NA
"KLCI",200006,4.32952425256577,0.407424276125923
"KLCI",200007,4.20587309087926,0.357266702102544
"KLCI",200008,4.10115170863402,0.323745555322451
"KLCI",200009,3.99443454151064,0.30267377933378
"KLCI",200010,4.05965544268323,0.317814140351766
"KLCI",200011,4.06513385028274,0.316762865469875
"KLCI",200012,4.09984776251777,0.327118837593541
"KLCI",200101,4.32051950976042,0.381849923846306
"KLCI",200102,4.46635392501998,0.421826937601251
"KLCI",200103,4.22279017337061,0.366655210453948
"KLCI",200104,4.07329452722784,0.329051207409667
"KLCI",200105,4.01255695078716,0.319564381721784
"KLCI",200106,4.22756954299875,0.407904878746951
"KLCI",200107,3.73615105304127,0.215570522173811
"KLCI",200108,3.73170983410258,0.224238176624853
"KLCI",200109,3.88829808945416,0.267414934165689
"KLCI",200110,3.93725599145955,0.276418472470031
"KLCI",200111,4.02928693254613,0.312002302077991
"KLCI",200112,4.09368685582208,0.333285787525857
"KLCI",200201,4.10043675199702,0.335514727233101
"KLCI",200202,4.14878989245528,0.351758468872937
"KLCI",200203,4.36407901796556,0.482726883359367
"KLCI",200204,3.86908227274072,0.643517831901821
"KLCI",200205,3.84142725164546,0.629506488975816
"KLCI",200206,4.06627548822314,0.538117452772468
"KLCI",200207,4.08736550675117,0.536631723958647
"KLCI",200208,4.08141719869483,0.535462979329469
"KLCI",200209,3.73145894621074,0.541028264151961
"KLCI",200210,3.42388761445685,0.325451354703566
"KLCI",200211,4.53667755665742,0.470797712312835
"KLCI",200212,4.58824002859942,0.494349776542665
"KLCI",200301,4.59990327362072,0.499690116848358
"KLCI",200302,4.5389033593147,0.464540121042921
"KLCI",200303,4.48276321133036,0.433683723526661
"KLCI",200304,4.45438131952024,0.417033459750741
"KLCI",200305,4.43217616837082,0.407834502048565
"KLCI",200306,4.40547240067865,0.391816054094858
"KLCI",200307,4.41270146148883,0.396756850358259
"KLCI",200308,4.41455274001359,0.398979272312879
"KLCI",200309,4.42887633720629,0.405263587986886
"KLCI",200310,4.40300954752309,0.390280236260347
"KLCI",200311,3.53474760812191,0.248918353292035
"KLCI",200312,2.98293016927654,0.257533180325618
"KLCI",200401,2.91622873518927,0.201966526411698
"KLCI",200402,2.81274987052616,0.148340854929882
"KLCI",200403,2.99050978692786,0.109978394826043
"KLCI",200404,3.05133999824673,0.11599192423432
"KLCI",200405,3.39033404178105,0.285514505911212
"KLCI",200406,3.53022018901409,0.341837562074026
"KLCI",200407,3.56473152317615,0.358331073749701
"KLCI",200408,3.56994445268748,0.359687534365616
"KLCI",200409,3.5535767537316,0.353259781259571
"KLCI",200410,3.53228638825021,0.345763976816518
"KLCI",200411,3.12153540696802,0.274262664020788
"KLCI",200412,3.60915950257942,0.277085881756521
"KLCI",200501,3.75984924533606,0.347945174233379
"KLCI",200502,3.75970318145614,0.347923669418974
"KLCI",200503,3.75992498013898,0.347921090896182
"KLCI",200504,3.77255339610964,0.350770573005612
"KLCI",200505,3.75648663903952,0.255340870375489
"KLCI",200506,3.77782962170436,0.264252659890704
"KLCI",200507,3.21521798830589,0.548069798286117
"KLCI",200508,3.79422147697797,0.811152777964707
"KLCI",200509,3.10623974850808,0.694719451581773
"KLCI",200510,3.03962174202639,0.66814866544024
"KLCI",200511,2.91133841839354,0.626995317237242
"KLCI",200512,2.45883753894236,0.590005357001439
"KLCI",200601,1.93795259942832,0.491071825299578
"KLCI",200602,1.88386231287651,0.455479705825576
"KLCI",200603,1.48028311077298,0.376859617232205
"KLCI",200604,1.50236237392231,0.438261839580504
"KLCI",200605,1.68129286313388,0.531609261754255
"KLCI",200606,1.53738902422933,0.389678883476032
"KLCI",200607,1.17323968015308,0.463822980617318
"KLCI",200608,1.27461668576566,0.416024755665756
"KLCI",200609,1.10405388761513,0.397054564957269
"KLCI",200610,1.03192906017029,0.352574201912784
"KLCI",200611,0.977814953138547,0.228466193662054
"KLCI",200612,0.119088723072503,0.151389486978744
"KLCI",200701,-0.0126029478020976,0.181925535302758
"KLCI",200702,-0.0222265215122204,0.178607335326301
"KLCI",200703,-0.22701240574981,0.111466536265357
"KLCI",200704,-0.27020110454553,0.130779884154369
"KLCI",200705,-0.471617437244744,-0.050097840565699
"KLCI",200706,-0.310225510366885,0.0515571756504714
"KLCI",200707,0.295127894868627,0.15019947838046
"KLCI",200708,0.0528071569836769,0.178892486964155
"KLCI",200709,-0.621786435811233,0.108449132920447
"KLCI",200710,-0.80166102719496,0.107831340811089
"KLCI",200711,-1.18522158670332,0.116608189755187
"KLCI",200712,-0.759348469699867,0.14782036810465
"KLCI",200801,-0.973632361272286,0.0748282591160612
"KLCI",200802,-1.18289869135839,0.00937448967221658
"KLCI",200803,-0.361569542143018,-0.0220331562397107
"KLCI",200804,-0.846278892704553,-0.152236465771862
"KLCI",200805,-0.601514191578261,-0.0135388374956304
"KLCI",200806,-0.337046795017628,-0.0717574833216859
"KLCI",200807,-0.242217711217178,-0.0924553287730987
"KLCI",200808,-0.217558540557342,-0.0735289143345216
"KLCI",200809,-1.00189445867138,-0.160941740729991
"KLCI",200810,-1.27524480204932,-0.247993522400344
"KLCI",200811,-1.70133835559441,-0.239951503031249
"KLCI",200812,-1.38171989145527,-0.22491739536494
"KLCI",200901,-1.51829011151158,-0.302028998745094
"KLCI",200902,-2.17758471868395,-0.462189769029331
"KLCI",200903,-2.13444180068424,-0.469848337694593
"KLCI",200904,-2.74686672224168,-0.332142020526516
"KLCI",200905,-2.23976469138337,-0.26768655809249
"KLCI",200906,-2.24705809218605,-0.263770631246892
"KLCI",200907,-2.42439992515874,-0.326410805383819
"KLCI",200908,-2.54179954928344,-0.407788955016182
"KLCI",200909,-2.2638306225402,-0.443892096977941
"KLCI",200910,-1.84825325492335,-0.374962107737229
"KLCI",200911,-1.66645542017218,-0.376888746422543
"KLCI",200912,-1.1174570404778,-0.282257171993803
"KLCI",201001,-1.1623848132965,-0.359231156935736
"KLCI",201002,-1.02106062281058,-0.364594957450779
"KLCI",201003,-0.887874205339151,-0.385141431384313
"KLCI",201004,-0.918093433994688,-0.438425789328678
"KLCI",201005,-0.499341638754587,-0.218878283555758
"KLCI",201006,-0.691918909287458,-0.142332580206664
"KLCI",201007,-0.711025084088867,-0.137899869181834
"KLCI",201008,-0.981549645800325,-0.225690805983267
"KLCI",201009,-0.779997520319188,-0.178549912822199
"KLCI",201010,-0.573273051650453,-0.114457770896935
"KLCI",201011,-0.731126323003393,-0.15697466481476
"KLCI",201012,-0.676365791497135,-0.167067030260168
"KLCI",201101,-0.128011770828956,-0.0707043484003824
"KLCI",201102,-0.169964159371182,-0.0269123611438962
"KLCI",201103,0.265217484801806,0.12400135891402
"KLCI",201104,0.280796215069667,0.131257602313851
"KLCI",201105,0.677522257798697,0.116230445231523
"KLCI",201106,0.666083472620066,-0.0236522318225208
"KLCI",201107,0.54718284880999,-0.0870061953017355
"KLCI",201108,0.465938233608079,-0.0906082141354811
"KLCI",201109,-0.0224024688843965,-0.0580606589703996
"KLCI",201110,0.107273444693318,0.140976398662915
"KLCI",201111,-0.0367291121004764,0.104178839862479
"KLCI",201112,-0.233846049299561,0.00474493999620579
"KLCI",201201,-0.528260729186736,-0.0516540823968452
"KLCI",201202,-0.489665688294737,-0.139809627683133
"KLCI",201203,-0.754236444000026,-0.230236263384633
"KLCI",201204,-0.84886428525187,-0.315098503054872
"KLCI",201205,-1.13080999119351,-0.296215518077096
"KLCI",201206,-1.14263540418206,-0.362840454019478
"KLCI",201207,-0.92621641894099,-0.231264868075804
"KLCI",201208,-1.03607548143218,-0.309200079382066
"KLCI",201209,-1.27985703134024,-0.393456648479159
"KLCI",201210,-1.24895434524313,-0.526117329145103
"KLCI",201211,-1.48182503737249,-0.469599035172892
"KLCI",201212,-1.89431775390927,-0.287974808726093
"KLCI",201301,-1.75141280604587,-0.243992111472686
"KLCI",201302,-1.63005896620667,-0.230357205178386
"KLCI",201303,-1.30062562023332,-0.266982238112027
"KLCI",201304,-1.7138141887774,-0.326440969648592
"KLCI",201305,-2.17519274590448,-0.422859775311109
"KLCI",201306,-1.51032577020048,-0.324664582249047
"KLCI",201307,-0.872611590103808,-0.204038316569069
"KLCI",201308,-0.933021633998383,-0.210363071736802
"KLCI",201309,0.0932569756958827,0.082970094541983
"KLCI",201310,0.00137753552089258,0.109204517296103
"KLCI",201311,-0.114679011597996,0.0515934305259415
"KLCI",201312,-0.269667003535946,-0.0646103780512575
"KLCI",201401,-0.168149896654923,-0.0324443607227154
"KLCI",201402,-0.173287227187532,-0.0727973668281625
"KLCI",201403,-0.206069379633151,-0.084655530771415
"KLCI",201404,-0.175400964151764,-0.0406582092189868
"KLCI",201405,-0.0894794824354163,-0.0735325931285084
"KLCI",201406,0.21511716706212,-0.193951591676899
"KLCI",201407,0.122029339621913,-0.0673314096604078
"KLCI",201408,0.296070740962108,0.0129953391452258
"KLCI",201409,-0.938469373197808,-0.392761840675838
"KLCI",201410,-1.08608350653578,-0.390090270188066
"KLCI",201411,-1.31476376959337,-0.426165361235186
"KLCI",201412,-1.03403311423932,-0.304230935083378
"KLCI",201501,-0.812843370847005,-0.106467985435457
"KLCI",201502,-1.07644623024787,-0.208096366383689
"KLCI",201503,-1.42413742086248,-0.176803569084347
"KLCI",201504,-1.38260728810198,-0.0846711238387469
"KLCI",201505,-1.70401422453371,-0.162253293004164
"KLCI",201506,-2.22085863287811,-0.276687457164746
"KLCI",201507,-2.03669144187093,-0.241629800077718
"KLCI",201508,-1.66995055386907,-0.179492680644912
"KLCI",201509,-1.87153435772928,-0.105602747622529
"KLCI",201510,-1.40626809102665,-0.136468789652302
"KLCI",201511,-1.47161561433362,-0.213158866255122
"KLCI",201512,-1.43445994884816,-0.249121386855429
"KLCI",201601,-1.2482237569191,-0.265996649670288
"KLCI",201602,-1.18642066441882,-0.238308612443184
"KLCI",201603,-1.15303362533733,-0.187892082508165
"KLCI",201604,-1.16252951912938,-0.159886703211103
"KLCI",201605,-1.14133341056831,-0.131338203629023
"KLCI",201606,-1.26944975874895,-0.207476132153572
"KLCI",201607,-1.31082789119674,-0.291414946966027
"KLCI",201608,-1.54977507419299,-0.463371261801077
"KLCI",201609,-1.23321556209052,-0.271703137785964
"KLCI",201610,-0.879426055067137,-0.170152168605885
"KLCI",201611,-0.280690758714735,-0.129997463525228
"KLCI",201612,-0.0135156942163738,0.0387650462141516
"KLCI",201701,0.093717301245981,0.020840443718439
"KLCI",201702,0.457300451551461,0.230915549016904
"KLCI",201703,0.435678580111169,0.209242679137168
"KLCI",201704,0.520326672328082,0.308847534661358
"KLCI",201705,1.30997333917292,0.417628296928695
"KLCI",201706,1.93201261085478,0.73109185262674
"KLCI",201707,2.15470609684687,0.800659503607806
"KLCI",201708,3.5648251633466,1.00969196881353
"KLCI",201709,3.86875392602963,1.0748181318928
"KLCI",201710,4.22662433590256,0.957790994834095
"KLCI",201711,0.96553395764821,0.238734976293956
"KLCI",201712,0.475887444456943,0.174275798900329
"KLCI",201801,0.890849942038154,0.381287038073762
"KLCI",201802,0.734064755432435,0.294430581614059
"KLCI",201803,0.151837011403794,0.203773322714415
"KLCI",201804,0.610642164757563,0.265039612763731
"KLCI",201805,1.02692541159166,0.356675668251558
"KLCI",201806,1.05601411999319,0.33708682734939
"KLCI",201807,0.93890292569682,0.291199622040818
"KLCI",201808,0.932483914005037,0.257970755442237
"KLCI",201809,1.19553958243826,0.333087896220586
"KLCI",201810,1.34139281891266,0.414558741907722
"KLCI",201811,0.606356653004628,0.0649639526478961
"KLCI",201812,0.366023478044505,0.0416223008202562
"KLCI",201901,-1.0279928179047,-0.210798661112558
"KLCI",201902,-1.14550016176705,-0.263041824045688
"KLCI",201903,-0.52316837819713,-0.144847606975249
"KLCI",201904,-1.37461299495002,-0.332093313688799
"KLCI",201905,-1.15444652552905,-0.293716709633503
"KLCI",201906,-1.33223223609408,-0.310399652210649
"KLCI",201907,-1.20149025550252,-0.323764610208787
"KLCI",201908,-1.23593411831976,-0.398968508017172
"KLCI",201909,-1.63674808865426,-0.418807522811752
"KLCI",201910,-1.6597408744595,-0.435878103742471
"KLCI",201911,-1.4467803925871,-0.34189316223118
"KLCI",201912,-1.45607096513058,-0.354989547416901
"KLCI",202001,-1.65392303665654,-0.529293100220181
"KLCI",202002,-0.677490954264798,-0.200249018371764
"KLCI",202003,2.37777425489451,0.62682259530447
"KLCI",202004,1.85833432621317,0.617810543922146
"KLCI",202005,1.76187104068108,0.499064131855458
"KLCI",202006,1.67079264019956,0.505367160811013
"KLCI",202007,1.60841414086303,0.477872246448024
"KLCI",202008,1.71178297980623,0.561982224766022
"KLCI",202009,1.67982454358131,0.591775383079123
"KLCI",202010,1.5802528308692,0.55528995107051
"KLCI",202011,1.39307391931849,0.500418355793033
"KLCI",202012,1.313522094496,0.474035959681134
"KLCI",202101,1.14882066031639,0.475233483927769
"KLCI",202102,1.12371190813236,0.39066133551086
"KLCI",202103,-0.483917765437796,-0.285334305746339
"KLCI",202104,-0.43117523535569,-0.32487264315094
"KLCI",202105,-0.388574706711092,-0.230538644325465
"KLCI",202106,-0.797609988534214,-0.460746117875602
"KLCI",202107,-0.900317298391319,-0.401295239953324
"KLCI",202108,-1.02390619424001,-0.441394804451198
"KLCI",202109,-1.10522715217157,-0.517037882754234
"KLCI",202110,-0.939276493563704,-0.471690168354742
"KLCI",202111,-1.15406272884271,-0.571116109264608
"KLCI",202112,-1.16984945817577,-0.581820024337222
"KLCI",202201,-1.04507850856269,-0.555456698667136
"KLCI",202202,-1.15134843212305,-0.542038882713526
"KLCI",202203,-1.14175351260464,-0.586920503590172
"KLCI",202204,-0.135315609155986,-0.268223372001576
"KLCI",202205,0.243210649116781,-0.162041435599631
"KLCI",202206,0.430453942088729,-0.095321731755936
"KLCI",202207,0.621806283898854,-0.0416119794892656
"KLCI",202208,0.0918088434774576,-0.186128987425537
"KLCI",202209,0.402237188151395,-0.0342632789948547
"KLCI",202210,0.568383601825835,0.0900431149250632
"KLCI",202211,2.11092849920251,0.473317792005626
"KLCI",202212,2.82763717754504,0.768100722875091
"KLCI",202301,3.03336111172378,0.803167079554761
"KLCI",202302,2.83006561609732,0.851233267227968
"KLCI",202303,2.40026483456544,0.737087983510821
"KLCI",202304,2.29704362942091,0.627378628360357
"KLCI",202305,2.35220577348894,0.675175109452625
"KLCI",202306,2.0702985034901,0.586520077147525
"KLCI",202307,1.43800173853972,0.457999973793768
"KLCI",202308,1.33257723213279,0.412089018374241
"KLCI",202309,1.17025967854087,0.374351353447012
"KLCI",202310,1.01220924253143,0.30158593115167
"KLCI",202311,-0.332727937153673,-0.0973940746961349
"KLCI",202312,-0.344366357500231,-0.239006606487585
"KLCI",202401,-0.829394000768738,-0.275454907579574
"KLCI",202402,-1.49194979164704,-0.522070495225554
"KLCI",202403,-1.1198321640316,-0.476736319693186
"KLCI",202404,-0.880565595026802,-0.418031762585906
"KLCI",202405,-0.567273393006773,-0.416506721454403
"KLCI",202406,-0.457967072678719,-0.332375301106005
"KLCI",202407,-0.864337510618155,-0.547466230265102
"KLCI",202408,1.16324479231613,0.151340584865734
"KLCI",202409,1.11246332519123,0.267845486836123
"KLCI",202410,1.18306059406393,0.367726092571302
"KLCI",202411,1.8311995640097,0.525852638191187
"KLCI",202412,1.84367914101669,0.585087566541141
"KLCI",202501,1.13698178712361,0.434917290037951
"KLCI",202502,0.96078448478937,0.383124491982221
"KLCI",202503,0.899627069876119,0.376218764321301
"KLCI",202504,0.250147358902779,0.338792837406758
"KLCI",202505,-0.145513788504599,0.267711319391543
"KLCI",202506,-0.779747990987117,0.17120522361174
"KLCI",202507,-1.16277860226789,0.0129060831517776
"KLCI",202508,-1.47561684222328,-0.110019567078361
"KLCI",202509,-1.72371740075283,-0.297680657908699
"PSE",200001,NA,NA
"PSE",200002,NA,NA
"PSE",200003,NA,NA
"PSE",200004,NA,NA
"PSE",200005,NA,NA
"PSE",200006,-0.351382254410638,-0.102861515759476
"PSE",200007,-0.53234135562761,-0.0430798551718087
"PSE",200008,-0.447017169141283,-0.0639659150551358
"PSE",200009,-0.703368577269906,-0.0917656595775424
"PSE",200010,1.00090323908443,0.386354291542491
"PSE",200011,1.0851093365533,0.467810709710013
"PSE",200012,1.04871128764051,0.435168550955331
"PSE",200101,1.86275731296946,0.528931875424448
"PSE",200102,1.73505151928124,0.509791218607207
"PSE",200103,1.66130120888842,0.502144301470001
"PSE",200104,1.59692868008444,0.49018375546184
"PSE",200105,1.62728565336623,0.487237916409256
"PSE",200106,1.59824506049609,0.478446711846752
"PSE",200107,1.61103050630939,0.477055374401876
"PSE",200108,1.30390149456337,0.404880618873741
"PSE",200109,1.33796112081645,0.417195018870678
"PSE",200110,1.88856633319289,0.506099935973449
"PSE",200111,1.8287276955874,0.47195209735985
"PSE",200112,1.78177996901532,0.466173983967309
"PSE",200201,-0.829541818569059,0.200449283632727
"PSE",200202,0.482998585247035,0.32705744828088
"PSE",200203,0.656614583027005,0.203317286672461
"PSE",200204,0.629575471079426,0.0854775447879229
"PSE",200205,0.844642912393842,0.140336863486993
"PSE",200206,0.277046951526105,0.0381824292747392
"PSE",200207,-0.483670398050393,-0.127460159641721
"PSE",200208,-0.769408034993574,-0.0776911745019763
"PSE",200209,-1.07175996867297,-0.125725335015984
"PSE",200210,-0.896032500526253,-0.142560372134596
"PSE",200211,-1.07196392758769,-0.0791697793310692
"PSE",200212,-0.409606159177424,0.072068132051212
"PSE",200301,-0.438947100556056,0.0806385639593274
"PSE",200302,-0.562534043479198,0.0366655646428407
"PSE",200303,-0.885819085508408,-0.143664814490701
"PSE",200304,-0.461571384700873,-0.0064819938403707
"PSE",200305,-0.81048112104209,-0.175839832717878
"PSE",200306,-0.626035667427993,-0.14630323340892
"PSE",200307,-0.188128477628302,0.0173828655824652
"PSE",200308,-0.360043855193976,0.00938710257254433
"PSE",200309,-0.329286502735578,-0.00457141600521189
"PSE",200310,-0.274814554937261,0.00308323098224819
"PSE",200311,0.18482410172258,0.0279919789666234
"PSE",200312,0.7738566135961,0.121923438198692
"PSE",200401,0.565762744518734,0.081584793233391
"PSE",200402,0.399102014362308,0.0362034325824237
"PSE",200403,-1.01706023528274,-0.29023606692008
"PSE",200404,-1.11284216347673,-0.397065659590621
"PSE",200405,-1.03557826133887,-0.512186415228352
"PSE",200406,-0.98669093763035,-0.435689346917371
"PSE",200407,-0.00899885761419107,-0.255284199743899
"PSE",200408,0.0580499206527229,-0.238552972216639
"PSE",200409,-0.212768507192514,-0.268652522747306
"PSE",200410,0.406526905397277,-0.12423839652865
"PSE",200411,0.661761198438425,-0.0449478509765174
"PSE",200412,0.615294993858818,-0.103103241498383
"PSE",200501,0.295742992494211,-0.163114505416603
"PSE",200502,0.527956954374897,0.0241703018943152
"PSE",200503,0.27870640105735,-0.00499904368280232
"PSE",200504,-0.177008328290775,0.0333675131398836
"PSE",200505,-0.00449111933585565,0.0190786588361491
"PSE",200506,-0.0291148021409278,0.0256252665726354
"PSE",200507,-0.254707372377174,0.0971356702457569
"PSE",200508,-0.621036268920422,-0.000490111726151034
"PSE",200509,-0.748893286763612,-0.141876018428049
"PSE",200510,-0.775434721117996,-0.07713634712872
"PSE",200511,-0.558422463995426,-0.101058931402706
"PSE",200512,-0.161113694919723,-0.0509846404242238
"PSE",200601,-0.379912174141448,-0.0935280804983718
"PSE",200602,-0.20058099716633,-0.0592415060584982
"PSE",200603,-0.309974748478994,-0.0589271777323565
"PSE",200604,-0.0974183962863502,-0.0159944676111374
"PSE",200605,0.211971979568029,-0.0915635756564072
"PSE",200606,-0.0267530550080664,-0.209377491733282
"PSE",200607,-0.45179085043815,-0.247478616863073
"PSE",200608,-0.560709085510528,-0.260692064156923
"PSE",200609,-0.476036286985077,-0.210740238975755
"PSE",200610,-0.610343943828118,-0.221672471394386
"PSE",200611,-0.489483184105604,-0.225574765569535
"PSE",200612,-0.663427209911807,-0.23748844202077
"PSE",200701,-0.783338558863712,-0.330474695024812
"PSE",200702,-0.967961247986863,-0.358017176279096
"PSE",200703,-0.911435514659978,-0.318429338577772
"PSE",200704,-1.23854753214545,-0.393060204645802
"PSE",200705,-0.552636767791997,-0.337295904135943
"PSE",200706,0.940274153911678,-0.174203308387429
"PSE",200707,1.16803995306969,-0.0731212326390198
"PSE",200708,0.335231654301673,-0.0604848440168746
"PSE",200709,0.260948434514553,-0.0959301951835413
"PSE",200710,-0.293560423442072,-0.187594054825424
"PSE",200711,-0.384426075470341,-0.21124702050627
"PSE",200712,-0.533778422632802,-0.307486924771894
"PSE",200801,-0.254233141656677,-0.270603790739984
"PSE",200802,-0.107770323109922,-0.274515237174025
"PSE",200803,-0.260241924165182,-0.301335265242256
"PSE",200804,-0.316932313930845,-0.306768066768181
"PSE",200805,-0.458857530469395,-0.233019264554927
"PSE",200806,-0.0763076888251832,-0.20940263893289
"PSE",200807,0.31615281379624,-0.0504889880065644
"PSE",200808,0.343225150343158,-0.0973611421464106
"PSE",200809,0.42948057828433,-0.224830095982146
"PSE",200810,0.222992656695981,-0.208108881267918
"PSE",200811,0.0906994014073728,-0.356309211142361
"PSE",200812,-0.160346525408583,-0.403234766849687
"PSE",200901,-0.284626741306505,-0.409534254516303
"PSE",200902,-0.323023531573902,-0.419184321234159
"PSE",200903,-0.591210854210985,-0.442148005648756
"PSE",200904,-0.440918776611677,-0.45416041324104
"PSE",200905,-0.492996489212023,-0.458570102383147
"PSE",200906,-0.525356934670713,-0.416023516446754
"PSE",200907,-0.536159548376286,-0.345405635482475
"PSE",200908,-0.455978908578922,-0.367493917399425
"PSE",200909,-1.22650033342966,-0.500507527035572
"PSE",200910,-0.979260556564388,-0.392877306569662
"PSE",200911,-1.32429700221452,-0.397060597788751
"PSE",200912,-0.694610652285659,-0.261915688921738
"PSE",201001,-1.01803791985096,-0.376848884193152
"PSE",201002,-0.537919149546781,-0.236439765420041
"PSE",201003,-0.323110826875053,-0.227696180482408
"PSE",201004,-0.411462687792093,-0.231999059113278
"PSE",201005,-0.900951012162047,-0.237597266909655
"PSE",201006,-0.689744611016828,-0.275544330110452
"PSE",201007,-0.911573636414457,-0.328298297915745
"PSE",201008,-0.640581526494037,-0.255168983512645
"PSE",201009,-0.530995680511419,-0.21566499835548
"PSE",201010,-0.531328134374477,-0.325634142284105
"PSE",201011,-0.749623785088225,-0.388823071997336
"PSE",201012,-0.536195687899705,-0.280598793328632
"PSE",201101,-0.275594986233797,-0.268879655460059
"PSE",201102,-0.349788088807958,-0.330189083955301
"PSE",201103,-0.134778009200451,-0.246889830186396
"PSE",201104,0.107560021728872,-0.160633519128078
"PSE",201105,-1.18838707823849,-0.403337936339377
"PSE",201106,-1.25421554482872,-0.318071759437543
"PSE",201107,-1.07058325993597,-0.341178178279106
"PSE",201108,-1.27203856811558,-0.468633335450863
"PSE",201109,-1.43949536561196,-0.550130654277191
"PSE",201110,-1.46614672945831,-0.618097097827611
"PSE",201111,-1.0264892816667,-0.590194296174438
"PSE",201112,-0.883352740090565,-0.656802738083899
"PSE",201201,-0.823236045141062,-0.63839201770418
"PSE",201202,-0.674570661663221,-0.581790780481274
"PSE",201203,-1.08383467390606,-0.623360877229493
"PSE",201204,-1.09067898940181,-0.657647138137914
"PSE",201205,-0.774125534919742,-0.588583219870984
"PSE",201206,-0.842939877082373,-0.449023589205624
"PSE",201207,-0.681739794852141,-0.405931217167314
"PSE",201208,-0.646453706340502,-0.358031332015954
"PSE",201209,-0.546295217049204,-0.315994395127658
"PSE",201210,-0.412220658595101,-0.307378401012379
"PSE",201211,-0.538749243702902,-0.353526105948598
"PSE",201212,-0.468583663661946,-0.281439594854968
"PSE",201301,-0.329392885191978,-0.2431289516625
"PSE",201302,-0.415355743070747,-0.17034402295347
"PSE",201303,-0.317153773048192,-0.163820050201092
"PSE",201304,-0.310458648976498,-0.0999812630161688
"PSE",201305,-0.874816923149416,-0.321150868390329
"PSE",201306,-0.0404650528467846,-0.211239488451653
"PSE",201307,0.0763609846403714,-0.200115294673415
"PSE",201308,-0.0567598886196561,-0.108861153563582
"PSE",201309,-0.139624740496756,-0.159257713386205
"PSE",201310,-0.0908558064926755,-0.147872322206992
"PSE",201311,-0.183681100211692,-0.138632162464155
"PSE",201312,-0.230876228937221,-0.144306315496281
"PSE",201401,-0.256745011923028,-0.172739695445001
"PSE",201402,-0.544634026177979,-0.239058683881772
"PSE",201403,-0.536292663206135,-0.267473956710005
"PSE",201404,-0.392147796711329,-0.281558315829169
"PSE",201405,-0.551965891241418,-0.42557063131626
"PSE",201406,-1.7506013111798,-0.510260624646674
"PSE",201407,-1.74786691538206,-0.519239447404776
"PSE",201408,-1.63799759242175,-0.422997559050613
"PSE",201409,-1.71193469999425,-0.453191629148874
"PSE",201410,-1.41932237624153,-0.365887870104313
"PSE",201411,-1.63765061824126,-0.457982722277349
"PSE",201412,-1.85589362851345,-0.498720980761471
"PSE",201501,-1.53067988282265,-0.539565377870486
"PSE",201502,-1.75160274948382,-0.587436253053362
"PSE",201503,-1.56127248937962,-0.583331138193983
"PSE",201504,-1.34037639901906,-0.559639230310596
"PSE",201505,-1.97559896722582,-0.64468593754464
"PSE",201506,-2.10937832948238,-0.59952172544739
"PSE",201507,-2.01350494257276,-0.56701720969821
"PSE",201508,-1.58499292462023,-0.388996198483078
"PSE",201509,-1.71749545038639,-0.526823965880636
"PSE",201510,-1.33896490401422,-0.376832544189104
"PSE",201511,-1.82215772966687,-0.482850857776297
"PSE",201512,-2.08025939200788,-0.575600745586311
"PSE",201601,-1.82580743787837,-0.447673429185657
"PSE",201602,-1.68042455998712,-0.418538374151952
"PSE",201603,-1.18709941737434,-0.477050225612356
"PSE",201604,-1.21920820634822,-0.560374269008033
"PSE",201605,-1.36101580834111,-0.490168021146696
"PSE",201606,-1.67315033105409,-0.557201356973052
"PSE",201607,-1.67412013081237,-0.591468808782695
"PSE",201608,-1.72210225172275,-0.615596686838648
"PSE",201609,-1.65739500339479,-0.433956247350691
"PSE",201610,-1.32235404426245,-0.431677643385546
"PSE",201611,-1.25013021395033,-0.368086248548432
"PSE",201612,-1.14190974586394,-0.343745288766224
"PSE",201701,-1.24168893600822,-0.374356206609683
"PSE",201702,-1.43399406758866,-0.454220652914139
"PSE",201703,-1.33145009432237,-0.396198241316315
"PSE",201704,-1.40716257148389,-0.349071200455231
"PSE",201705,-1.30077292945363,-0.329185868603739
"PSE",201706,-1.38973950214944,-0.301104675520623
"PSE",201707,-1.26223393382431,-0.283397934896423
"PSE",201708,-1.30137387607775,-0.22748201315286
"PSE",201709,-1.05029055151992,-0.380787115672914
"PSE",201710,-1.5433620866925,-0.3993990155463
"PSE",201711,-1.29956979303591,-0.352050800892548
"PSE",201712,-1.65467581699992,-0.3681982527161
"PSE",201801,-2.25335321375461,-0.500283024944135
"PSE",201802,-1.93558757408355,-0.417301291603874
"PSE",201803,-2.0966809887888,-0.406010300766779
"PSE",201804,-1.84967882676661,-0.3435368816295
"PSE",201805,-1.44594017303975,-0.297957233806927
"PSE",201806,-1.38646960403961,-0.314816375975406
"PSE",201807,-1.27444159021376,-0.276434801069716
"PSE",201808,-1.15282580862923,-0.256872537696588
"PSE",201809,-1.10274432133633,-0.199025546172167
"PSE",201810,-1.49922315518488,-0.365513157170543
"PSE",201811,-1.90748069828795,-0.47295697506449
"PSE",201812,-1.79664187038539,-0.480725979228372
"PSE",201901,-1.72206967422882,-0.598341392392176
"PSE",201902,-1.26623706477069,-0.473212689530651
"PSE",201903,-0.452353212459806,-0.316660806892728
"PSE",201904,-0.722759598065946,-0.360146476632194
"PSE",201905,-0.793769329897345,-0.352897151182547
"PSE",201906,-0.455258950737632,-0.279347235452929
"PSE",201907,-0.427698399112221,-0.260563157961299
"PSE",201908,-0.898664923557143,-0.258897309680776
"PSE",201909,-0.931813788564188,-0.238004181423588
"PSE",201910,-1.09627535082966,-0.291465824527625
"PSE",201911,-0.937073700675373,-0.280455072839558
"PSE",201912,-0.577804979228353,-0.193514838783107
"PSE",202001,-0.739728521570984,-0.143773402064339
"PSE",202002,-0.990219149795167,-0.202699787890928
"PSE",202003,-0.122126152389241,-0.0186422039425137
"PSE",202004,-0.151968845396638,0.0686880534003071
"PSE",202005,-0.00692209140968942,0.0639799079187891
"PSE",202006,0.0914771623292684,0.0834875489797303
"PSE",202007,0.122205181568011,0.0825022547771139
"PSE",202008,0.161763180096834,-0.0222243188078662
"PSE",202009,0.56921162184629,0.0451149697180006
"PSE",202010,0.629398419033313,0.0550779746421672
"PSE",202011,0.538466261189595,0.125770301032128
"PSE",202012,0.545292415786064,0.211316854631561
"PSE",202101,0.932259827276177,0.296266176676025
"PSE",202102,0.8194947953383,0.301730772596691
"PSE",202103,-0.630133194969793,-0.16682279961147
"PSE",202104,-0.547046735886338,-0.234062940926781
"PSE",202105,-0.612217943806493,-0.165217663855943
"PSE",202106,-1.09353130075603,-0.350858304677603
"PSE",202107,0.309764541935495,0.189663729774143
"PSE",202108,0.0791571576245839,0.182542486066965
"PSE",202109,-0.465131852345102,0.0794155843426292
"PSE",202110,-0.886201918562739,-0.0253379850186339
"PSE",202111,-1.02787009751741,-0.0644209839373599
"PSE",202112,-1.29677921764123,-0.146236679468451
"PSE",202201,-1.58073146939811,-0.257850062816475
"PSE",202202,-1.36269638954226,-0.270707071839269
"PSE",202203,-1.36080354284754,-0.303737033085094
"PSE",202204,-1.51059572542818,-0.319317261888818
"PSE",202205,-1.59916988700263,-0.328140789866732
"PSE",202206,-1.52514762306789,-0.281649441430605
"PSE",202207,-0.859662559621878,-0.0935994863756153
"PSE",202208,-0.906369056784489,-0.101991897380529
"PSE",202209,-0.665486273421167,-0.0493333944269648
"PSE",202210,-0.363825261025526,0.0309288087839917
"PSE",202211,-0.329819055294412,-0.0166904074960529
"PSE",202212,-0.454772754026263,-0.0330742691257273
"PSE",202301,-0.700896891870254,-0.0168846025324134
"PSE",202302,-0.804165490842495,-0.0537982297427737
"PSE",202303,-1.13636873719274,-0.167072882694231
"PSE",202304,-0.9913634207008,-0.137487787109233
"PSE",202305,-1.3615885399,-0.174639403368797
"PSE",202306,-1.70499805183156,-0.247759062807498
"PSE",202307,-1.98369282886485,-0.303847938484569
"PSE",202308,-1.8775577226738,-0.23391706806735
"PSE",202309,-1.7148991736724,-0.124500129441127
"PSE",202310,-1.41768546437178,-0.0508818610956097
"PSE",202311,-1.20195646337132,-0.13583095399066
"PSE",202312,-0.998768899210448,-0.155678354245545
"PSE",202401,-0.723056759362208,-0.145666668607701
"PSE",202402,-1.84936214805514,-0.505871242473623
"PSE",202403,-1.91031333322957,-0.516980710015297
"PSE",202404,-1.7507236645694,-0.591466793219954
"PSE",202405,-1.6321413259311,-0.633617632524814
"PSE",202406,-1.56197539048484,-0.54042757776036
"PSE",202407,-1.33693477188626,-0.495630436641097
"PSE",202408,-0.86872239162842,-0.490217684996323
"PSE",202409,-0.750689754794905,-0.30348211535718
"PSE",202410,-1.12513563686381,-0.514074901294689
"PSE",202411,-0.630283066197085,-0.35822319122088
"PSE",202412,-0.957024522512827,-0.448381579984003
"PSE",202501,-0.784371138630697,-0.454780066444893
"PSE",202502,-0.656873682083989,-0.426118582491749
"PSE",202503,-0.756095882567188,-0.464715546768663
"PSE",202504,-0.891418693654563,-0.481749082548787
"PSE",202505,-0.735645065242234,-0.32840361117127
"PSE",202506,-0.988599364861827,-0.413044249494163
"PSE",202507,-1.04713503468123,-0.4868854329563
"PSE",202508,-0.799062144515787,-0.384112768993187
"PSE",202509,-0.86159442797404,-0.369744540593717
"SET",200109,NA,NA
"SET",200110,NA,NA
"SET",200111,NA,NA
"SET",200112,NA,NA
"SET",200201,NA,NA
"SET",200202,NA,NA
"SET",200203,-1.92238792475429,-0.413389239869115
"SET",200204,-1.63514899059753,-0.44317758165835
"SET",200205,-2.08466300580682,-0.463741021264412
"SET",200206,-1.976040742716,-0.360625924658433
"SET",200207,0.987030521297017,0.375214480252138
"SET",200208,1.08422374012596,0.379892904099206
"SET",200209,0.815083534894304,0.429595216465928
"SET",200210,0.564115104328885,0.419450879489473
"SET",200211,0.466663315155831,0.394362095247426
"SET",200212,0.423198297250339,0.326631593643233
"SET",200301,0.573641552466698,0.394476876997871
"SET",200302,0.577274289350164,0.382375225384617
"SET",200303,0.564981823265561,0.405753276655616
"SET",200304,0.356685390386153,0.301735000293601
"SET",200305,0.439216556303018,0.315125025084369
"SET",200306,0.269242700098331,0.299877233699935
"SET",200307,-1.70283626203971,-0.363810005473645
"SET",200308,-0.898502210720906,-0.348574449321283
"SET",200309,-1.94405100403919,-0.6100885624709
"SET",200310,-1.0939469136166,-0.302723910412527
"SET",200311,-1.0326515425487,-0.237139394190971
"SET",200312,-0.674757283628001,-0.159607263950253
"SET",200401,-1.04925058480838,-0.172165751620286
"SET",200402,-1.01413904534131,-0.165642745214072
"SET",200403,-1.0101283658684,-0.175969358051739
"SET",200404,-0.782409952802932,-0.0963070959521959
"SET",200405,-0.236079038966322,0.0434799586212122
"SET",200406,-0.407559400783418,0.00558299258156734
"SET",200407,-0.362023407745069,0.016074341214687
"SET",200408,-0.600188289992857,-0.0473876805827008
"SET",200409,-0.436818506053341,-0.0473066717619118
"SET",200410,-0.625618768512111,-0.0639427162651368
"SET",200411,-0.127139603714677,0.0373829447661394
"SET",200412,-0.458571641724739,0.037187242520303
"SET",200501,-0.402750024290022,0.0199506202547038
"SET",200502,-0.986727942328959,-0.0622772787335506
"SET",200503,-0.564778811395781,0.0576176648539196
"SET",200504,-0.836223820590079,0.0211045489043447
"SET",200505,-0.842579751971003,0.0414436721830737
"SET",200506,-0.543979479295501,0.160630680357426
"SET",200507,-1.04994558265068,0.0538077396987423
"SET",200508,-0.903604605591939,0.0354300612677478
"SET",200509,-0.813642265982357,0.000369548850001415
"SET",200510,-0.871749169225109,0.0104050119205098
"SET",200511,-0.885533553085431,0.071263718405829
"SET",200512,-0.848295832025075,0.0227679112533667
"SET",200601,-0.38767376316886,0.154564301637877
"SET",200602,-0.4597445795907,0.169643619964347
"SET",200603,-1.13182882797545,-0.0098502593399164
"SET",200604,-1.15742933818438,-0.0171526622060934
"SET",200605,-1.502060977171,-0.127601953518502
"SET",200606,-1.62796235403197,-0.195163719078327
"SET",200607,-1.55738712334631,-0.0277855663676545
"SET",200608,-1.36883493642011,-0.0371008335912222
"SET",200609,-1.72386337747158,-0.146910324184943
"SET",200610,-1.81524828150246,-0.181109752439101
"SET",200611,-1.89788072364555,-0.180629154012904
"SET",200612,-0.432074933899134,-0.0905952963342611
"SET",200701,1.27100382133888,0.273599725518578
"SET",200702,1.68497711085528,0.38323952104513
"SET",200703,1.33900395090788,0.59359245229276
"SET",200704,1.20597958545421,0.707126999209487
"SET",200705,1.99534364054463,0.719461703892273
"SET",200706,1.92407422438209,0.756123349272849
"SET",200707,1.71211464640752,0.830316039559874
"SET",200708,1.08341045244385,0.742499735832011
"SET",200709,1.1045915790056,0.754851891819647
"SET",200710,1.11308796124679,0.763901698899269
"SET",200711,1.09164937830643,0.741015515261916
"SET",200712,1.51383083091731,0.745412909917404
"SET",200801,1.39210060244749,0.670589270410043
"SET",200802,1.58566847281051,0.767221039925723
"SET",200803,1.92319729401779,0.935189589417684
"SET",200804,2.05441247127632,1.01030369149374
"SET",200805,2.26225524878111,1.04658812533564
"SET",200806,2.31165724083124,0.981377950813888
"SET",200807,2.45397924603515,0.846431638601535
"SET",200808,3.22818481596889,0.895210685011761
"SET",200809,3.26827989943474,0.824621019749287
"SET",200810,3.29806470651201,0.740887313718373
"SET",200811,3.39315513319583,0.672257159901613
"SET",200812,1.65103867921088,0.457302409264496
"SET",200901,2.46442229993426,0.436521280769773
"SET",200902,-0.407258697918137,-0.107271881824332
"SET",200903,-0.905278996151224,-0.130352566094353
"SET",200904,-0.903990473421034,-0.328020299768238
"SET",200905,-0.132055409424273,-0.251985163756301
"SET",200906,0.109489854369574,-0.124267482476728
"SET",200907,0.220159106561636,-0.111018818858964
"SET",200908,0.362865675980985,-0.0114551240973904
"SET",200909,0.651462738840104,0.0199735586740125
"SET",200910,0.607898493072193,0.0957145788823091
"SET",200911,0.6569753603217,0.10888200800368
"SET",200912,0.833903954734147,0.239145495099655
"SET",201001,0.753224313497657,0.270932358223755
"SET",201002,1.01775244237706,0.376132471464925
"SET",201003,1.18296878627744,0.331639581876242
"SET",201004,1.51719482348271,0.534061664433004
"SET",201005,2.03995642964156,0.553987149902628
"SET",201006,-0.539954830280569,-0.23353868859599
"SET",201007,-2.4390893903391,-0.432151826713801
"SET",201008,-1.91360557936046,-0.206145666758707
"SET",201009,-1.02002967409437,-0.0281324099417966
"SET",201010,-0.682518578095326,0.130655163900148
"SET",201011,-0.656955338974104,0.118492326691912
"SET",201012,-1.03634723860434,-0.00979582349094725
"SET",201101,-0.468911519622784,0.231172821585313
"SET",201102,-0.461646683930082,0.188475659008011
"SET",201103,-0.147096427391384,0.075565575118104
"SET",201104,-0.243502347079475,0.0628701514181817
"SET",201105,-0.57973489693629,0.03279725964301
"SET",201106,-0.427290749470714,0.172751616967964
"SET",201107,-0.352561360260727,0.215895341885045
"SET",201108,-1.42750390182029,-0.129541907038554
"SET",201109,-0.747720707131708,0.0252461697995479
"SET",201110,-1.15530280194041,-0.014953739548237
"SET",201111,-1.29973474644294,-0.118050844719002
"SET",201112,-2.01421352804704,-0.217370341775475
"SET",201201,-1.42999187139744,-0.0475411825435486
"SET",201202,-1.46150844290107,-0.0847289497634348
"SET",201203,-1.69121114667476,-0.150737239220049
"SET",201204,-1.85492304168913,-0.250318709770711
"SET",201205,-1.88725034663404,-0.277226546987617
"SET",201206,-2.08938728120074,-0.269270864840883
"SET",201207,-1.5992716848856,-0.266154178842249
"SET",201208,-2.00071960855754,-0.41975256166035
"SET",201209,-2.02384997542977,-0.471835972258299
"SET",201210,-1.64664764817607,-0.460731840529209
"SET",201211,-1.20721188211859,-0.309535897619129
"SET",201212,-1.20081915728548,-0.24930738550152
"SET",201301,-0.554985933668357,-0.116537480231449
"SET",201302,-0.545876828326175,-0.175154790890374
"SET",201303,-0.54709493056287,-0.237875832983711
"SET",201304,-0.635301883646645,-0.18050791828931
"SET",201305,-1.51144952476675,-0.2414518640008
"SET",201306,-0.377443282519059,0.0866635318714908
"SET",201307,-0.05995204819266,0.159564071131868
"SET",201308,-0.304597678948357,0.204244653278423
"SET",201309,0.351280654582689,0.316709036109073
"SET",201310,0.237418530369359,0.293054632558007
"SET",201311,0.197188119956666,0.186034033383301
"SET",201312,-0.0633254213182893,0.065843596275314
"SET",201401,-0.204217137546297,-0.0341695162276527
"SET",201402,-0.507466390354668,-0.0654697920445918
"SET",201403,-0.735727598180479,-0.171804584524066
"SET",201404,-0.838703779288144,-0.208665171129298
"SET",201405,-1.33438956927541,-0.167343059788019
"SET",201406,-1.64178750341359,0.0086436527365668
"SET",201407,-1.22411329632571,0.0967846914262421
"SET",201408,-1.12232787934394,0.116087889482086
"SET",201409,-1.1745633793606,-0.148633464866025
"SET",201410,-0.993263899788318,-0.102826442774394
"SET",201411,-1.06895217099026,-0.178080944500168
"SET",201412,-1.11846890285403,-0.240090544496604
"SET",201501,-1.21610941181569,-0.216973600415685
"SET",201502,-1.26873211209315,-0.235308257413451
"SET",201503,-1.49194629516675,-0.243264686687697
"SET",201504,-1.67328477349758,-0.286357068192451
"SET",201505,-0.925462286782782,-0.0572873732929339
"SET",201506,-0.988361755855156,-0.081106735192929
"SET",201507,-0.646517438028318,-0.010019811843909
"SET",201508,-0.951568635510786,0.0582518173264672
"SET",201509,-1.31881899107264,-0.0304174916248306
"SET",201510,-0.0398272774602867,0.271522059849473
"SET",201511,-0.401109280016117,0.255896716655233
"SET",201512,-0.479149063969071,0.28025279997967
"SET",201601,-0.443034876993242,0.279959428762679
"SET",201602,-0.764440499199163,0.212819141430649
"SET",201603,-0.710841302472904,0.297666126432124
"SET",201604,-1.2264916107513,0.133110664014215
"SET",201605,-0.972237620261995,0.137477442550083
"SET",201606,-1.12750041336106,0.0793125133597643
"SET",201607,-1.35226317857361,0.019474180406133
"SET",201608,-1.57265151064607,-0.0529300199541724
"SET",201609,-1.93864793036788,-0.155757937875816
"SET",201610,-1.13219911502094,-0.010948979269656
"SET",201611,-1.33059716479502,-0.0636793655706644
"SET",201612,-1.18637556112812,-0.0897347344344688
"SET",201701,-1.31351301241161,-0.146687583881566
"SET",201702,-0.794136085468793,-0.0472729974685748
"SET",201703,-1.21226198986503,-0.0591922214365617
"SET",201704,-0.759250509367536,0.00629778245893429
"SET",201705,-0.828403126815328,0.0492400197972222
"SET",201706,-0.650207651902001,0.0865388104205509
"SET",201707,-0.336937609824114,0.12946381001855
"SET",201708,0.332973284250729,0.296536570499007
"SET",201709,0.324543476478799,0.303064560871946
"SET",201710,-0.162243725554573,0.0916344203718056
"SET",201711,-0.185025824074375,0.063937114954297
"SET",201712,-0.466061472621921,0.109077264617439
"SET",201801,-0.168460535826635,0.152744977263542
"SET",201802,-0.532059037244914,0.182947520313988
"SET",201803,-0.621427811452916,0.0132062592800508
"SET",201804,-0.954138736406449,-0.0500392998736734
"SET",201805,-0.56952041376691,0.262379514267834
"SET",201806,0.180107320050165,0.162466724304275
"SET",201807,-0.00166034967321776,0.132283580328481
"SET",201808,-0.570668625565341,0.0663683113817672
"SET",201809,-0.765143634851501,0.00115377943898227
"SET",201810,-1.42094118699323,-0.0521598959522994
"SET",201811,-2.06633384536196,-0.19932787715988
"SET",201812,-2.21883525246641,-0.352617524508227
"SET",201901,-1.94677605216081,-0.289080692599111
"SET",201902,-1.6310625011883,-0.152325615012011
"SET",201903,-1.31121186354342,-0.121672570495311
"SET",201904,-1.55268475051135,-0.200871296028995
"SET",201905,-1.96937775998953,-0.254975927588055
"SET",201906,-2.34673608008003,-0.33079456393809
"SET",201907,-2.32639984541896,-0.283727614393957
"SET",201908,-2.59986060645362,-0.363321309331594
"SET",201909,-2.43390389531386,-0.30789963658261
"SET",201910,-2.08728903657578,-0.324565249354419
"SET",201911,-2.088123834404,-0.30606842298092
"SET",201912,-2.07033656939215,-0.269532703459214
"SET",202001,-1.66095754487129,-0.4205093272874
"SET",202002,-1.06466346867178,-0.186228017079496
"SET",202003,0.214849555670944,0.194167737434465
"SET",202004,0.406005566554243,0.24466917445585
"SET",202005,0.135648369174122,0.196931578718797
"SET",202006,0.940824107749184,0.357021099591474
"SET",202007,1.02688980972314,0.379990289516484
"SET",202008,1.25310154495579,0.376370095722832
"SET",202009,1.20374964374066,0.344418497514145
"SET",202010,0.819394913254084,0.278707389495837
"SET",202011,0.965208504971958,0.374513349870629
"SET",202012,0.628884031884789,0.284307109096917
"SET",202101,-0.284270957213692,0.264357514835346
"SET",202102,-0.394265815097067,0.255343877401283
"SET",202103,-1.53590688001233,-0.185168317763543
"SET",202104,-1.33012391152615,-0.0454401593902827
"SET",202105,-1.5735508096885,-0.0698819636205924
"SET",202106,-1.41768318313393,-0.0386411826731544
"SET",202107,-1.53828783470354,-0.00433107023052379
"SET",202108,-0.805790425459378,0.241799680049567
"SET",202109,-0.756374788027369,0.358238479134223
"SET",202110,-0.692416155260625,0.285162834134247
"SET",202111,-1.04542019325466,0.199904620328694
"SET",202112,-1.27413591323472,0.111337867569273
"SET",202201,-1.24578504564242,0.0521001187314058
"SET",202202,-1.23763759654327,-0.0458645564941498
"SET",202203,-1.29012983067464,-0.0503087738956545
"SET",202204,-1.44230513347579,-0.0838375918410908
"SET",202205,-1.6041649619337,-0.175173538302173
"SET",202206,-1.45358612300863,-0.218080463246548
"SET",202207,-1.70998798186697,-0.283111181875699
"SET",202208,-1.65041585410401,-0.279628726331698
"SET",202209,-1.89491884946422,-0.276944423625208
"SET",202210,-1.92481376682594,-0.255251889970867
"SET",202211,-0.376719044241015,0.0184087123804897
"SET",202212,-0.240351686313383,-0.00746912810397246
"SET",202301,0.30738968778748,0.169202456784641
"SET",202302,0.336602373354494,0.218872365814216
"SET",202303,-0.052015570848351,0.120009227572255
"SET",202304,-0.447877516708709,-0.0368725141770548
"SET",202305,-0.330813228124733,0.00677869945146181
"SET",202306,-0.495085258462339,-0.0700133879478837
"SET",202307,-0.999243738347233,-0.194819040667441
"SET",202308,-0.984038095967682,-0.0978339688426511
"SET",202309,-0.792839161025456,-0.0654129677537309
"SET",202310,-0.554316639533452,0.0236191270087282
"SET",202311,-0.913240952818035,-0.0960973169507231
"SET",202312,-1.52838718144655,-0.0611385694103267
"SET",202401,-1.75689114769799,-0.158977388479781
"SET",202402,-1.876495421529,-0.28590777808353
"SET",202403,-2.18053600602706,-0.163890783997158
"SET",202404,-2.40908880606373,-0.156943363385933
"SET",202405,-2.88701007249471,-0.262993246600628
"SET",202406,-2.89653389055422,-0.338156739460252
"SET",202407,-2.83601792652423,-0.249389731938991
"SET",202408,-2.72563981717584,-0.331472794741646
"SET",202409,-2.33185446233275,-0.196401002058533
"SET",202410,-2.60113947027605,-0.291446039362043
"SET",202411,-1.92626557920515,-0.263196620420828
"SET",202412,-1.7171865865576,-0.247713446472004
"SET",202501,-1.16041751373044,-0.173554776244896
"SET",202502,-1.16336266209917,-0.323729177187703
"SET",202503,-1.50122396922721,-0.402787065020318
"SET",202504,-1.56618610880787,-0.275175093735711
"SET",202505,-1.16547383473525,-0.22468471737995
"SET",202506,-1.12466358981111,-0.226309258099925
"SET",202507,-1.10557575258253,-0.254142726846985
"SET",202508,-0.892588576454059,-0.239113675986043
"SET",202509,-0.80796441372759,-0.172741944362736
"STI",200001,NA,NA
"STI",200002,NA,NA
"STI",200003,NA,NA
"STI",200004,NA,NA
"STI",200005,NA,NA
"STI",200006,-2.27398635365729,-0.510857623191823
"STI",200007,-2.4121642887536,-0.454717491673551
"STI",200008,-2.44755829043063,-0.394005145476106
"STI",200009,-2.11736500959917,-0.351984468285631
"STI",200010,-2.21977059986075,-0.290257509090803
"STI",200011,-2.2405404352471,-0.381462744366169
"STI",200012,-2.34498612691567,-0.386217820254068
"STI",200101,-2.15963163104918,-0.393057613367136
"STI",200102,-2.33379972785251,-0.418136255712507
"STI",200103,-1.49961116528376,-0.29720124878192
"STI",200104,-1.38302265930086,-0.230725923262977
"STI",200105,-1.60416429497277,-0.174550879471435
"STI",200106,-1.21630962040046,-0.11886000290523
"STI",200107,-1.13177631822042,-0.0918469357246144
"STI",200108,-0.436484896758362,0.0648024255486523
"STI",200109,-0.491852070022977,-0.176624224099527
"STI",200110,-0.120379353429178,-0.0788930554294749
"STI",200111,0.0609888806179671,-0.0736332401817724
"STI",200112,0.17492245373035,-0.026816458098493
"STI",200201,0.258595805051255,-0.023347637254258
"STI",200202,0.00704486314029223,-0.0862390393659778
"STI",200203,-0.366172668675686,-0.157757603705779
"STI",200204,-0.0963001943753006,-0.0854589478700079
"STI",200205,-0.130589930491152,-0.0804669089238289
"STI",200206,-0.232138638930308,-0.103385391988643
"STI",200207,-0.828161338936291,-0.166701684530104
"STI",200208,-0.80922115175838,-0.208936369821658
"STI",200209,-1.78035146536705,-0.336653381325583
"STI",200210,-1.66754702290103,-0.388449505221601
"STI",200211,-1.52075928613837,-0.381829027697226
"STI",200212,-1.55621138320171,-0.348549516265832
"STI",200301,-1.47833354918054,-0.315416504818533
"STI",200302,-1.62586799536654,-0.389804412509617
"STI",200303,-1.47765519508674,-0.364129152014872
"STI",200304,-1.98025167787681,-0.497130996592262
"STI",200305,-1.90052230963484,-0.392279889859814
"STI",200306,-1.91861433162279,-0.373986318701523
"STI",200307,-1.65463453317818,-0.473823639134515
"STI",200308,-1.49404438688984,-0.44456550240372
"STI",200309,-1.21665350113022,-0.335118675385215
"STI",200310,-1.17721527424233,-0.350300629431268
"STI",200311,-1.12027288778113,-0.333779603265565
"STI",200312,-0.980904576870333,-0.362975232704364
"STI",200401,-1.25072029257047,-0.338895220735342
"STI",200402,-1.69491239470253,-0.453420843824632
"STI",200403,-2.13985029336898,-0.545801889364802
"STI",200404,-1.93936582090057,-0.502966384077912
"STI",200405,-2.23210159020959,-0.528253075783572
"STI",200406,-2.3131894769705,-0.502597564304672
"STI",200407,-2.25431517138701,-0.545094827953704
"STI",200408,-2.23281637615369,-0.522749238751077
"STI",200409,-2.04289109638642,-0.444707649535181
"STI",200410,-1.81295783725426,-0.334178950071191
"STI",200411,-1.77140660100899,-0.289291911080972
"STI",200412,-1.93675159822039,-0.410879669966515
"STI",200501,-1.83721235664868,-0.441823357920335
"STI",200502,-1.53359383483741,-0.259873212314042
"STI",200503,-1.45988547612519,-0.197271024164933
"STI",200504,-1.52807897196618,-0.223990262763255
"STI",200505,-1.8732892282894,-0.406378808521737
"STI",200506,-2.31122919687286,-0.47833423300272
"STI",200507,-1.37466235302238,-0.306430391648875
"STI",200508,-1.52330592712718,-0.400938284168273
"STI",200509,-1.61763760427719,-0.45697648198784
"STI",200510,-1.70074421210958,-0.447259670699811
"STI",200511,-1.46461189027123,-0.310368539306174
"STI",200512,-1.6208327447385,-0.384194739488761
"STI",200601,-1.21951048155372,-0.281146861328047
"STI",200602,-1.13845940600977,-0.254606658004246
"STI",200603,-1.19123062795156,-0.252432245494225
"STI",200604,-1.05815259200577,-0.215130883819639
"STI",200605,-0.900714439014704,-0.184448870385527
"STI",200606,-1.01654484626143,-0.182043361382957
"STI",200607,-1.52568763721545,-0.0965337652002574
"STI",200608,-1.40066740332894,-0.0390361864121551
"STI",200609,-1.44514768903887,-0.0510962756110535
"STI",200610,-1.61836460307832,-0.119290583264977
"STI",200611,-1.79572659618893,-0.213968659569457
"STI",200612,-1.82634536013508,-0.28274442758111
"STI",200701,-1.70400276320785,-0.241842888714404
"STI",200702,-1.78757389571329,-0.131483740071509
"STI",200703,-1.79227460962436,-0.135056705870704
"STI",200704,-1.55168452512347,-0.067981357079874
"STI",200705,-2.0228434156739,-0.323447027386699
"STI",200706,-1.98603409617839,-0.454933536168474
"STI",200707,-2.11936232074988,-0.492893557841136
"STI",200708,-2.04762264073388,-0.486697164898273
"STI",200709,-2.29314359160983,-0.410230640060486
"STI",200710,-2.26966432906549,-0.342110393104953
"STI",200711,-2.03984150347086,-0.206500340293126
"STI",200712,-1.35435400961051,-0.0641696176906008
"STI",200801,-1.68038629076575,-0.100406677990323
"STI",200802,-1.7341948130172,-0.171346340316294
"STI",200803,-1.87399279884757,-0.276936048530991
"STI",200804,-1.82547318603559,-0.267295533829073
"STI",200805,-1.37589284740249,-0.248429983898358
"STI",200806,-1.3882867332127,-0.266727626766746
"STI",200807,-1.18160423175541,-0.388590989357548
"STI",200808,-0.936419434034894,-0.286656023566922
"STI",200809,-1.14822515527372,-0.250455412125149
"STI",200810,-1.40282706399513,-0.0182610171628897
"STI",200811,-1.03378104325339,0.251206025740659
"STI",200812,-1.10795357532873,0.375314876432004
"STI",200901,-1.30905446242553,0.280752646411429
"STI",200902,-1.95830407183872,0.0500943240615945
"STI",200903,-2.15399467825813,-0.111164239953203
"STI",200904,-2.26504563320979,-0.111747147295159
"STI",200905,-2.1918459785197,-0.115282613179232
"STI",200906,-2.35404624261998,-0.17064556869245
"STI",200907,-2.41926587996738,-0.208355465591467
"STI",200908,-2.27345667097206,-0.163717968660717
"STI",200909,-2.0149487011898,-0.0567381819868521
"STI",200910,-1.34586254044387,-0.0543833352912196
"STI",200911,-1.04857236931435,0.0365650066629371
"STI",200912,-0.846753533730823,-0.0961561473896734
"STI",201001,-0.658096147585182,-0.050106599532816
"STI",201002,-0.599959244308678,-0.0555455954532552
"STI",201003,-1.3231893487796,-0.218616439087098
"STI",201004,-0.895484055873733,-0.223233076115205
"STI",201005,-1.65129072505214,-0.278827484077955
"STI",201006,-1.69803920027302,-0.386535187622056
"STI",201007,-1.82968936366111,-0.408189067522235
"STI",201008,-1.87129019405858,-0.363291670779573
"STI",201009,-1.91624595132807,-0.383625368205963
"STI",201010,-1.47497068911914,-0.251785642313962
"STI",201011,-1.75636128768379,-0.23566022192762
"STI",201012,-1.80273468895751,-0.221774748288632
"STI",201101,-1.8024733844785,-0.239901370596233
"STI",201102,-1.68751998960294,-0.217972195234204
"STI",201103,-1.58863890870949,-0.156437265713624
"STI",201104,-1.25187334610193,-0.0901380870126258
"STI",201105,-0.671370738830253,0.0214215498243778
"STI",201106,-0.5781716359375,0.0475015430002155
"STI",201107,-0.504455631343765,0.043960346298716
"STI",201108,-0.336799415473565,0.226826207246898
"STI",201109,-0.672022595703485,0.325876514880233
"STI",201110,-0.846155930439039,0.267260772573414
"STI",201111,-0.640027791252194,0.214590448605314
"STI",201112,-0.670556234293493,0.189946717252043
"STI",201201,-0.635598518511704,0.146530312504249
"STI",201202,-0.685372898620276,0.0975458412156773
"STI",201203,-0.616544951179827,0.0553405974682863
"STI",201204,-0.548326128157256,0.049787742066711
"STI",201205,-0.485283270226195,0.049975785236815
"STI",201206,-0.552001132552746,0.0231546274000322
"STI",201207,-0.487537523965175,0.0325226233523808
"STI",201208,-0.712219000835619,0.0513432206918183
"STI",201209,-0.208288674576771,0.0461018738688916
"STI",201210,-1.23490145321547,-0.106375727022338
"STI",201211,-0.84099935328505,-0.183703245111734
"STI",201212,-0.6642482850188,-0.142384058781049
"STI",201301,-0.219848630998621,-0.120636392878536
"STI",201302,-0.140343271484627,-0.0746817044945237
"STI",201303,-0.402627510896565,-0.132557435307007
"STI",201304,-0.285193675362069,-0.0776242191177606
"STI",201305,-0.807618210169556,-0.0693274233582237
"STI",201306,-0.317596570632641,0.385223863388282
"STI",201307,-0.246260420450349,0.265221464748698
"STI",201308,-0.359575868401339,0.288960860996424
"STI",201309,-0.389938340903771,0.329104027402991
"STI",201310,-0.471853686324952,0.295880950182023
"STI",201311,-0.575522600815786,0.245329114881779
"STI",201312,-0.794510799645563,0.158569362502792
"STI",201401,-0.762112561081783,0.170914228632459
"STI",201402,-0.728766233863407,0.196383493896956
"STI",201403,-0.953849976785336,0.156190298537342
"STI",201404,-0.990843123810295,0.143666800156823
"STI",201405,-1.16286028146261,0.187328583919242
"STI",201406,-1.49458249002774,-0.0252414108340474
"STI",201407,-1.30882116739999,-0.185222647427425
"STI",201408,-1.20530721648614,-0.138372802193261
"STI",201409,-1.5784520951789,-0.310692441797447
"STI",201410,-1.05978717811331,0.000653756441622745
"STI",201411,-0.980926545832063,0.0305364084888683
"STI",201412,-1.01492706643609,0.0894749499582916
"STI",201501,-0.990152926585886,0.140523998725217
"STI",201502,-0.805695811936804,0.125257426712135
"STI",201503,-0.570513806518572,0.404604811578574
"STI",201504,-0.675783481483849,0.275368622084054
"STI",201505,-1.60976309717679,0.12805335540291
"STI",201506,-1.97715476937273,-0.0137749336602223
"STI",201507,-2.09729103631529,-0.0859982578734211
"STI",201508,-2.26192045897921,-0.212213877161925
"STI",201509,-2.42184247640427,-0.334857228500015
"STI",201510,-2.00428978289104,-0.341616543450895
"STI",201511,-1.9641554137951,-0.290739735760403
"STI",201512,-1.85488410796839,-0.320421827097483
"STI",201601,-1.9782857176979,-0.37485323389819
"STI",201602,-1.98063650269731,-0.403607935054345
"STI",201603,-2.22623628673813,-0.318038329698285
"STI",201604,-2.13321954807147,-0.23197692890886
"STI",201605,-2.13211833640025,-0.15346353017538
"STI",201606,-2.50164105066782,-0.154324913232636
"STI",201607,-2.9694324987706,-0.22035052458303
"STI",201608,-2.5822839250258,-0.185113111088575
"STI",201609,-2.57310338007242,-0.190195744906648
"STI",201610,-2.37922871803992,-0.17405680794733
"STI",201611,-2.23451125029109,-0.0933745622519716
"STI",201612,-2.28590646677678,-0.0871591090529359
"STI",201701,-2.24180860025083,0.0358100246669669
"STI",201702,-2.0569692215017,-0.0391652755677182
"STI",201703,-2.4428998375648,-0.150407406138854
"STI",201704,-2.26225955180305,0.0233738314630146
"STI",201705,-2.2891957079884,-0.0615713371066822
"STI",201706,-1.75881223544646,0.031715713088168
"STI",201707,-1.90551319503893,0.0506511992726325
"STI",201708,-1.84639821708252,0.105577610220044
"STI",201709,-1.74316998806964,0.0712681579960861
"STI",201710,-1.69337456180363,0.0259639468134979
"STI",201711,-1.23485669657659,0.0951747702322511
"STI",201712,-0.656488094495019,0.381781552255256
"STI",201801,-1.88632143557906,-0.194910769418804
"STI",201802,-1.94102733187847,-0.185815677571156
"STI",201803,-2.16800059138965,-0.310183105190207
"STI",201804,-1.93478163666433,-0.254488461567988
"STI",201805,-2.25029393405179,-0.302721572616045
"STI",201806,-2.62322953869805,-0.364170394794196
"STI",201807,-2.43238949673256,-0.224312408704928
"STI",201808,-2.14668576988645,-0.208131042492876
"STI",201809,-2.15349118631808,-0.099138131512088
"STI",201810,-2.1816703249974,-0.146900330417789
"STI",201811,-2.46971225454956,-0.242612286011327
"STI",201812,-2.31879439201183,-0.337030236655696
"STI",201901,-2.38467749022915,-0.306285235909407
"STI",201902,-2.56747877755338,-0.283911330946532
"STI",201903,-2.49376066129192,-0.277945767174403
"STI",201904,-1.9243212889933,-0.090347131288503
"STI",201905,-1.86802054469201,-0.174012267261362
"STI",201906,-1.9517664050239,-0.190309997432097
"STI",201907,-1.96401625134177,-0.42264336812419
"STI",201908,-2.08701820170424,-0.528237745448273
"STI",201909,-2.19351641340078,-0.539970873437098
"STI",201910,-2.44243295312368,-0.567437299724595
"STI",201911,-2.0865248634943,-0.443157333163383
"STI",201912,-1.45762454025643,-0.303326112681914
"STI",202001,-1.35733075298049,-0.247607963119827
"STI",202002,-0.565214799172643,0.0210402640737024
"STI",202003,2.1945928771482,0.997925010568565
"STI",202004,1.51588593463069,0.968914203746243
"STI",202005,1.161998101604,0.8881854379622
"STI",202006,1.22292616838642,0.953978394902754
"STI",202007,1.23925155853392,0.943320506629875
"STI",202008,1.25322399881788,0.975766519961998
"STI",202009,1.13653435354306,0.946487873415861
"STI",202010,1.09723305941808,0.878534540499732
"STI",202011,0.997816719683881,0.833539450112658
"STI",202012,0.84596345817732,0.67671905634546
"STI",202101,0.185557783376487,0.498958659858774
"STI",202102,-0.0158507721212184,0.386307227404183
"STI",202103,-1.08097880524369,-0.00353646844715038
"STI",202104,-1.99130116103576,-0.376128761204741
"STI",202105,-1.41173280893551,-0.172668494261902
"STI",202106,-1.51790676168771,-0.238231989865665
"STI",202107,-1.59292118848849,-0.242429653104056
"STI",202108,-1.59578539382859,-0.172593915344564
"STI",202109,-1.56711776442991,-0.221105727443926
"STI",202110,-2.05119895043872,-0.290508050028177
"STI",202111,-2.01232037231067,-0.304486663701805
"STI",202112,-1.77210294396425,-0.224296263070319
"STI",202201,-2.12455506211146,-0.422118852579116
"STI",202202,-2.18098006101938,-0.424662902006129
"STI",202203,-2.3753785703343,-0.497979096291172
"STI",202204,-2.02015612556647,-0.37543607959936
"STI",202205,-2.09130028018974,-0.347388702240011
"STI",202206,-2.11868193727928,-0.283940301685448
"STI",202207,-2.02566139323258,-0.309978237090052
"STI",202208,-1.72386096773893,-0.338634000856497
"STI",202209,-1.97721764564746,-0.356602276480139
"STI",202210,-2.31521727029924,-0.411676178516658
"STI",202211,-2.20292088932434,-0.242469002059349
"STI",202212,-1.70543185079313,-0.173495519290554
"STI",202301,-1.62995474392319,-0.162866474374341
"STI",202302,-1.28472329557156,-0.0676453595602373
"STI",202303,-1.40612551461545,-0.132988842750597
"STI",202304,-1.49520163203624,-0.187285997365199
"STI",202305,-1.28712984229966,-0.197442070072222
"STI",202306,-1.23640160045696,-0.190192305371429
"STI",202307,-0.986062079226931,-0.0809712414853191
"STI",202308,-0.81253553527941,0.0490129631479304
"STI",202309,-0.718543787932974,0.0330990591262976
"STI",202310,-0.67840062508915,-0.0441530345466724
"STI",202311,-1.50949666939534,-0.200380175463202
"STI",202312,-1.56487569946771,-0.258947475989925
"STI",202401,-1.87992499425189,-0.386696856475158
"STI",202402,-1.87276725736525,-0.45107878235696
"STI",202403,-1.78083982444658,-0.301963718209772
"STI",202404,-2.08139340467646,-0.317884090504376
"STI",202405,-2.079760700874,-0.334185478954297
"STI",202406,-2.19856730149903,-0.339298984027986
"STI",202407,-2.41340748901541,-0.256322934832105
"STI",202408,-2.28161068816366,-0.308733644930343
"STI",202409,-2.32734097184136,-0.194456467370259
"STI",202410,-2.57068814685254,-0.305019822482287
"STI",202411,-0.941740691866091,0.0178032638826672
"STI",202412,-0.785464733765716,0.0693367158140358
"STI",202501,-0.642455589380115,0.0622529037991214
"STI",202502,-1.23269759261137,0.0367888635647794
"STI",202503,-1.39428731828612,-0.00151476356630032
"STI",202504,-1.83563488350031,0.0109293551054342
"STI",202505,-1.78718586702121,-0.0339072416714861
"STI",202506,-1.79076377639048,-0.0528697756200405
"STI",202507,-1.87003723013281,-0.139933114488092
"STI",202508,-1.96119987282389,-0.0896098918865146
"STI",202509,-1.81232230325535,-0.0293733735391283
"VNI",200001,NA,NA
"VNI",200002,NA,NA
"VNI",200003,NA,NA
"VNI",200004,NA,NA
"VNI",200005,NA,NA
"VNI",200006,NA,NA
"VNI",200007,NA,NA
"VNI",200008,NA,NA
"VNI",200009,NA,NA
"VNI",200010,NA,NA
"VNI",200011,NA,NA
"VNI",200012,NA,NA
"VNI",200101,NA,NA
"VNI",200102,NA,NA
"VNI",200103,NA,NA
"VNI",200104,NA,NA
"VNI",200105,NA,NA
"VNI",200106,NA,NA
"VNI",200107,NA,NA
"VNI",200108,NA,NA
"VNI",200109,NA,NA
"VNI",200110,NA,NA
"VNI",200111,NA,NA
"VNI",200112,NA,NA
"VNI",200201,NA,NA
"VNI",200202,NA,NA
"VNI",200203,NA,NA
"VNI",200204,NA,NA
"VNI",200205,NA,NA
"VNI",200206,NA,NA
"VNI",200207,NA,NA
"VNI",200208,NA,NA
"VNI",200209,NA,NA
"VNI",200210,NA,NA
"VNI",200211,NA,NA
"VNI",200212,NA,NA
"VNI",200301,NA,NA
"VNI",200302,NA,NA
"VNI",200303,NA,NA
"VNI",200304,NA,NA
"VNI",200305,NA,NA
"VNI",200306,NA,NA
"VNI",200307,NA,NA
"VNI",200308,NA,NA
"VNI",200309,NA,NA
"VNI",200310,NA,NA
"VNI",200311,NA,NA
"VNI",200312,NA,NA
"VNI",200401,NA,NA
"VNI",200402,NA,NA
"VNI",200403,NA,NA
"VNI",200404,NA,NA
"VNI",200405,NA,NA
"VNI",200406,NA,NA
"VNI",200407,NA,NA
"VNI",200408,NA,NA
"VNI",200409,NA,NA
"VNI",200410,NA,NA
"VNI",200411,NA,NA
"VNI",200412,NA,NA
"VNI",200501,NA,NA
"VNI",200502,NA,NA
"VNI",200503,NA,NA
"VNI",200504,NA,NA
"VNI",200505,NA,NA
"VNI",200506,NA,NA
"VNI",200507,NA,NA
"VNI",200508,NA,NA
"VNI",200509,NA,NA
"VNI",200510,NA,NA
"VNI",200511,NA,NA
"VNI",200512,NA,NA
"VNI",200601,NA,NA
"VNI",200602,NA,NA
"VNI",200603,NA,NA
"VNI",200604,NA,NA
"VNI",200605,NA,NA
"VNI",200606,NA,NA
"VNI",200607,NA,NA
"VNI",200608,NA,NA
"VNI",200609,NA,NA
"VNI",200610,NA,NA
"VNI",200611,NA,NA
"VNI",200612,NA,NA
"VNI",200701,NA,NA
"VNI",200702,NA,NA
"VNI",200703,NA,NA
"VNI",200704,NA,NA
"VNI",200705,NA,NA
"VNI",200706,NA,NA
"VNI",200707,NA,NA
"VNI",200708,NA,NA
"VNI",200709,NA,NA
"VNI",200710,NA,NA
"VNI",200711,NA,NA
"VNI",200712,NA,NA
"VNI",200801,NA,NA
"VNI",200802,NA,NA
"VNI",200803,NA,NA
"VNI",200804,NA,NA
"VNI",200805,NA,NA
"VNI",200806,NA,NA
"VNI",200807,NA,NA
"VNI",200808,0.355563407367461,0.4303440128295
"VNI",200809,0.125371655730203,0.32261895681439
"VNI",200810,-0.269740037913971,0.187826132970926
"VNI",200811,-0.48202866275922,0.0582051261283291
"VNI",200812,-0.626558078277504,-0.027843986166496
"VNI",200901,-0.689354337368297,-0.167830668422668
"VNI",200902,-0.749426663388565,-0.209435926144242
"VNI",200903,-0.731883464901923,-0.262995883305506
"VNI",200904,-0.614288249696149,-0.354883096050721
"VNI",200905,-0.588350308450923,-0.346871904745024
"VNI",200906,-0.52468393999127,-0.358210025787806
"VNI",200907,-0.643158237286271,-0.348865978386225
"VNI",200908,-0.343750486976279,-0.351350970445792
"VNI",200909,-0.0175016140081773,-0.254247363908631
"VNI",200910,0.339173165700108,-0.209490962170274
"VNI",200911,2.1833328866812,0.140426088309984
"VNI",200912,4.30790245465277,0.501815908331127
"VNI",201001,4.29085598720231,0.482166134482805
"VNI",201002,3.97174040442908,0.412793376219612
"VNI",201003,3.79559163173053,0.399730474436781
"VNI",201004,3.8045017972238,0.411132976929565
"VNI",201005,3.759278706178,0.397031499435384
"VNI",201006,3.72450232820141,0.385692695827006
"VNI",201007,3.66756870752856,0.372053819614037
"VNI",201008,3.47679294374174,0.374814110958983
"VNI",201009,3.45503814150432,0.368555678889327
"VNI",201010,3.41825172744282,0.358040046273308
"VNI",201011,3.11480971563709,0.224613343397036
"VNI",201012,2.2500874999503,0.490332734342083
"VNI",201101,2.26046492218329,0.501540475455946
"VNI",201102,0.513404613905437,-0.0623919188848839
"VNI",201103,0.2437518418165,-0.201773389773275
"VNI",201104,0.223247379313748,-0.176564424157918
"VNI",201105,0.192759929330919,-0.176128273687339
"VNI",201106,0.158034998457143,-0.177635137163275
"VNI",201107,0.320290037746947,-0.213112224677084
"VNI",201108,0.408320876954471,-0.278295639147702
"VNI",201109,0.533240344848083,-0.191735537905251
"VNI",201110,0.411011254790385,-0.150768050914719
"VNI",201111,0.669573461047127,0.097184602680683
"VNI",201112,0.684366999123236,0.105283061859248
"VNI",201201,0.602688314810976,0.0463432418415305
"VNI",201202,0.940890433476356,0.114932745562437
"VNI",201203,0.765938138039711,0.121555744570548
"VNI",201204,1.37656192381592,0.188945422155
"VNI",201205,1.61541256653834,0.2119357842653
"VNI",201206,1.44925178263262,0.137265026150853
"VNI",201207,1.67812286210132,0.162998770606865
"VNI",201208,1.95001766180024,0.502515008137841
"VNI",201209,1.93008184568378,0.297857825502171
"VNI",201210,2.22486608892999,0.291324336078636
"VNI",201211,2.04569660540304,0.213397933435599
"VNI",201212,1.97479966337096,0.171124982470455
"VNI",201301,2.68824861121568,0.529171091021182
"VNI",201302,2.70457131351133,0.553416344681376
"VNI",201303,2.64867816226418,0.517954555449768
"VNI",201304,2.48250482773195,0.54512285110795
"VNI",201305,2.17428734199368,0.557795628363698
"VNI",201306,2.01419341249861,0.366946176734795
"VNI",201307,1.26065976198703,0.215666992781842
"VNI",201308,1.02618592785933,0.0743900286271049
"VNI",201309,1.09764968966918,0.0882049591351047
"VNI",201310,1.10740412610599,0.0840880364551414
"VNI",201311,1.17248013353239,0.116077572020033
"VNI",201312,1.19067461533469,0.118446807902561
"VNI",201401,1.23023547070193,0.133796400473579
"VNI",201402,1.37186355559935,0.142238953585337
"VNI",201403,1.06708715605886,-0.0668661067349128
"VNI",201404,1.24855726922916,-0.0809203215282793
"VNI",201405,1.32699452489831,-0.00626316159763657
"VNI",201406,1.55236082267559,-0.164303853680312
"VNI",201407,0.84551787168589,-0.0891250249618647
"VNI",201408,1.28650273083666,-0.124845392404661
"VNI",201409,1.51790778569354,-0.0605147507953382
"VNI",201410,1.99499460792882,0.0089302157585298
"VNI",201411,2.17935156284512,0.261586589639359
"VNI",201412,2.59995494665044,0.364985996720069
"VNI",201501,1.96749539864415,0.34049108921171
"VNI",201502,3.05660269355979,0.562600329043966
"VNI",201503,2.54414713807366,0.451228993860636
"VNI",201504,2.27285844176712,0.359195975422839
"VNI",201505,2.10421996065489,0.381205230672913
"VNI",201506,2.38807864457061,0.424997343262248
"VNI",201507,2.56110934163149,0.420995399991068
"VNI",201508,1.22729613077663,0.117898694143355
"VNI",201509,1.22881264284025,0.0913100146150003
"VNI",201510,0.824811755748285,-0.121076041056186
"VNI",201511,0.788077313102094,-0.128291564792779
"VNI",201512,0.777653947590832,-0.126223832964759
"VNI",201601,0.68160827370175,-0.101880310581894
"VNI",201602,-0.117548088960771,-0.379483699142511
"VNI",201603,-0.00300708953418642,-0.417303604786263
"VNI",201604,-0.043758448726535,-0.438514501368728
"VNI",201605,0.0892014446538689,-0.418659266697476
"VNI",201606,0.179489878877751,-0.414460623261679
"VNI",201607,0.170796947700277,-0.408292438347844
"VNI",201608,1.83883993711507,0.0498769955935244
"VNI",201609,1.92104303612697,0.0247774530818173
"VNI",201610,1.14877258980528,-0.0734340442046365
"VNI",201611,1.14759988165514,-0.024484204401603
"VNI",201612,0.925215312218336,-0.1257767000636
"VNI",201701,0.459472506571045,-0.266579101845941
"VNI",201702,0.726283890736982,-0.237237313022162
"VNI",201703,0.733997195178964,-0.210504037987158
"VNI",201704,1.12853519392345,-0.0482986949437178
"VNI",201705,1.21768218968119,-0.00537375845934383
"VNI",201706,1.37577974354579,0.0495826659152818
"VNI",201707,1.35479623267137,0.0262715308679778
"VNI",201708,1.42978632490768,0.133887215342134
"VNI",201709,1.55537609653842,0.204143620399241
"VNI",201710,1.70228775282313,0.266889634352554
"VNI",201711,2.6684170594298,0.401407381448378
"VNI",201712,2.92973556523818,0.547976371365984
"VNI",201801,3.48465439381501,0.686521197411467
"VNI",201802,3.74693923489883,0.77563873962081
"VNI",201803,4.17506588349618,0.865178217793928
"VNI",201804,3.21007299153785,0.608907807869264
"VNI",201805,2.03554218982085,0.312179303529447
"VNI",201806,0.598290213010938,-0.0743765462938947
"VNI",201807,2.09617262635937,0.330067466913149
"VNI",201808,1.99722883450614,0.34761382067652
"VNI",201809,1.73756896894017,0.245672854856125
"VNI",201810,1.62343406602696,0.19498520524254
"VNI",201811,1.61675756691798,0.161643965308165
"VNI",201812,1.54848174748061,0.0817237495024543
"VNI",201901,1.66000426439916,0.108816734708133
"VNI",201902,1.74792498695882,0.18268602688555
"VNI",201903,1.84380531769095,0.218251075090597
"VNI",201904,1.70999622474941,0.151077090864728
"VNI",201905,1.30085957552636,0.0890715907126954
"VNI",201906,1.21610463493826,-0.00131846359942704
"VNI",201907,0.824354645950312,-0.157459139003946
"VNI",201908,0.777069384022225,-0.122640080335336
"VNI",201909,1.11924551938823,-0.0573116556340389
"VNI",201910,1.17464842966724,-0.0249104347669382
"VNI",201911,1.25448541344618,0.103076293059055
"VNI",201912,1.45195412597807,0.203505772463328
"VNI",202001,1.24354024817219,0.179591616202604
"VNI",202002,1.45132346476754,0.112163881951766
"VNI",202003,2.69161183564188,0.4370707495225
"VNI",202004,2.27321808502053,0.409436712824054
"VNI",202005,2.56074115538977,0.472562334674421
"VNI",202006,2.38545268309952,0.461730146192503
"VNI",202007,2.67163047222306,0.539009940452112
"VNI",202008,2.84338621440144,0.638388074693246
"VNI",202009,2.8079225111767,0.667596485622786
"VNI",202010,2.84444736298224,0.671619412251997
"VNI",202011,2.83310477453529,0.619629362827265
"VNI",202012,2.80606405391405,0.595855866947028
"VNI",202101,2.79689797500342,0.545988250767588
"VNI",202102,2.83145529158163,0.599127648841678
"VNI",202103,1.78563664909834,0.245095411692168
"VNI",202104,0.65468162504519,0.0160298548386694
"VNI",202105,-0.307414576355037,-0.391153190695798
"VNI",202106,-1.04406653937519,-0.52766341190716
"VNI",202107,-0.500542214055727,-0.531835705101372
"VNI",202108,-0.0896226398542417,-0.179362611066262
"VNI",202109,-0.00571775029558793,-0.144288744601849
"VNI",202110,-0.0277852967422983,-0.15648452796567
"VNI",202111,-0.104495043813832,-0.173187420577874
"VNI",202112,1.76756113183559,0.33521842319098
"VNI",202201,1.52758587099987,0.268626647345974
"VNI",202202,1.53075147965472,0.213778409132565
"VNI",202203,1.53440087144658,0.208623337237755
"VNI",202204,1.41029085405348,0.168895800420473
"VNI",202205,1.21380679881703,0.159025109654161
"VNI",202206,1.34423421469247,0.217021217117093
"VNI",202207,1.39483766933103,0.189836339800157
"VNI",202208,1.29509628679302,0.15996361629187
"VNI",202209,1.07555170343575,0.0910359894825296
"VNI",202210,2.40935747106945,0.495123678068542
"VNI",202211,2.28082262359045,0.497643590433416
"VNI",202212,4.3236317638619,0.931171604841627
"VNI",202301,4.40789147273525,0.962266227722747
"VNI",202302,4.08101475449218,0.954541841659791
"VNI",202303,3.92698670808983,0.899140653978684
"VNI",202304,3.94043351999594,0.904036319299495
"VNI",202305,4.09527994485624,0.899959279593615
"VNI",202306,4.07907647388637,0.892590778755441
"VNI",202307,3.91122935007142,0.898877323969771
"VNI",202308,3.55562645959034,0.893370260170193
"VNI",202309,3.37629977260016,0.895101381789114
"VNI",202310,3.30186381003909,0.755562018314819
"VNI",202311,1.76074096981701,0.400941846129763
"VNI",202312,-0.200711510608932,-0.0784389616226444
"VNI",202401,-0.415408338163363,-0.172098236704209
"VNI",202402,-0.192574890543539,-0.180739205470927
"VNI",202403,-0.260880263996161,-0.263305021734204
"VNI",202404,-0.662109385264605,-0.234800673590658
"VNI",202405,-0.630542598670281,-0.218635069412548
"VNI",202406,-0.598948702534664,-0.200047891788427
"VNI",202407,-0.370919878742112,-0.200889688511474
"VNI",202408,-0.0496848509720274,-0.112170685495966
"VNI",202409,0.319575645497688,0.065660703489292
"VNI",202410,0.556355396715249,0.146153937662784
"VNI",202411,0.752224505009719,0.32825601779273
"VNI",202412,1.30936691297096,0.378916296661975
"VNI",202501,1.10918527127292,0.308039695067414
"VNI",202502,0.484853123171816,0.201868875336609
"VNI",202503,0.378308116029419,0.11986383728638
"VNI",202504,0.286277643958911,0.0114848849595551
"VNI",202505,0.128024994064524,-0.0456383708259014
"VNI",202506,-0.143699589474927,-0.150473346307184
"VNI",202507,-0.331829372174045,-0.219784531342875
"VNI",202508,-0.412188301036032,-0.317235380234366
"VNI",202509,-0.342874805231654,-0.334170163126024
